rep,fold,obs_AUC,obs_TSS,obs_PR,neu_AUC,neu_TSS,neu_PR,sin_AUC,sin_TSS,sin_PR,ale_AUC,ale_TSS,cambio_decil,cor_vias_obs,cor_vias_neu
1,1,0.903312396913555,0.657644461657071,0.0731321120874395,0.846954771419443,0.557143949244868,0.059996729628426,0.887051332812627,0.623096267865012,0.0697830517071365,0.890294961171585,0.616516165510933,47.7818717759764,-0.643993210391533,0.0506138672706456
1,2,0.834556742367555,0.561441552493342,0.0273177315937799,0.804633168913693,0.510107378527687,0.0415993876020448,0.830584000718747,0.527187670223333,0.0332944248110353,0.893313750479487,0.630800506165476,33.3173384516955,-0.566178963454958,-0.12646922113616
1,3,0.899560995784329,0.628699296680092,0.095890615348367,0.868928655489935,0.575568331477872,0.0810908558162919,0.878843518161802,0.601671737376683,0.0820122203659255,0.888797384200444,0.65868956061063,35.3431874725596,-0.604520718471869,-0.247724632800173
1,4,0.908193057353965,0.689977692593685,0.0315860315943402,0.875751165583347,0.63703008081093,0.0455443646946217,0.879223770635419,0.652051469425606,0.0285863606395048,0.921145206022588,0.725115760641989,39.1554387117976,-0.582048276320284,-0.0220279152677593
1,5,0.76469902209502,0.402559918835953,0.008144233141633,0.686851361813969,0.340452132894166,0.00472972975381786,0.710711582731544,0.371009896489742,0.00510990191710289,0.895990407768523,0.679984511074394,31.7752596789424,-0.517100886342758,-0.178795208233136
2,1,0.899373998885026,0.63973426685389,0.0868008724409146,0.835541898442137,0.552109328065693,0.0670187472920808,0.882601856800081,0.627616890202434,0.0697716961858621,0.904396098105553,0.655112179087183,45.8806190125276,-0.646591513740377,0.068033063405112
2,2,0.847117849991738,0.602271592093533,0.0343483883422541,0.814652588902522,0.527342225941612,0.0425179904544894,0.831780472450443,0.529151658740974,0.0349246092619441,0.89466836846895,0.664158335605071,33.6692258477287,-0.588383898223898,-0.192606457300768
2,3,0.900949254322754,0.637563911267406,0.101411579597102,0.869269136942215,0.591355503426095,0.0850642440967644,0.873999402387191,0.586187502457168,0.101379632691465,0.913396062388628,0.704361438796618,39.4409483389434,-0.611179802031568,-0.248437815375472
2,4,0.907752785220702,0.702026042401166,0.0464510029580516,0.859816220304868,0.614012640863579,0.0409971662670764,0.8816335688004,0.648064127382982,0.0460378790161117,0.884300934169415,0.611399356930976,35.9513637857378,-0.486856757958209,-0.0144810655528733
2,5,0.782016927662434,0.433508061490683,0.0112374580952349,0.697753091225823,0.349145950660002,0.00703951267664921,0.724153290656239,0.366589859496161,0.00682152759202131,0.893877380878521,0.655900580441466,34.8914069877243,-0.551216615309995,-0.123941012781744
3,1,0.902186532465875,0.663661789194846,0.0780265205887428,0.850602526073163,0.585592093923246,0.0546925571521282,0.883320604163196,0.62023678420054,0.0586430090038129,0.882117431853496,0.648146416468439,43.581429624171,-0.66248113980174,-0.042747476653808
3,2,0.845080117663394,0.610127546164097,0.0262851739452847,0.810672622088023,0.505479188695569,0.0384353126678432,0.832617256585739,0.545393202941082,0.0327717154977163,0.904525341254195,0.669404553279261,35.4766474728087,-0.55362177693818,-0.12152709164109
3,3,0.901135685620552,0.638542279114686,0.107638932179742,0.870483687980614,0.59557958300316,0.0926679436276321,0.875500404838053,0.604498412033157,0.0987067910288918,0.902856097189808,0.653547609096012,38.1969852187912,-0.584270360732618,-0.129368109555073
3,4,0.904115545527194,0.692054802716205,0.047275456195778,0.859333854694171,0.616996363294488,0.0437943720541813,0.875847425033012,0.666047871181139,0.0519868050234854,0.897777132696388,0.677038766244757,41.4722313506408,-0.548766715370581,-0.0306501645574596
3,5,0.774105091347613,0.42791579991279,0.0102142819454927,0.686615938230941,0.341795352205642,0.00517887447537016,0.715159620451513,0.356227687770696,0.00515432533227278,0.895809478006677,0.669650189123457,34.0415486307838,-0.534365419604732,-0.170436223359983
4,1,0.908322353071841,0.668458126078644,0.0706990714468294,0.848068411536595,0.568426321183286,0.0533576403321176,0.880262430052669,0.613407097612181,0.06037202215191,0.900494654264699,0.666431286595053,43.9498894620486,-0.639910861458592,0.0784304259308481
4,2,0.845530669571812,0.596909262599589,0.0261302985049682,0.803900678474472,0.515133266610499,0.026340409508592,0.834603077669275,0.538971601329179,0.0273603049482865,0.915732815047205,0.730180208123323,38.3077415227127,-0.589895934438054,-0.135858943610572
4,3,0.906411230341087,0.643656065640929,0.0987525777517855,0.868503311838598,0.597704051544879,0.0931900058631615,0.879300652867284,0.613323490645943,0.0889803390647841,0.905391580495809,0.650403690511559,41.7093516756915,-0.601182107231121,-0.214777669666159
4,4,0.910726571881557,0.690026196245347,0.0514985739831362,0.886978799417101,0.664029948333996,0.045079406617096,0.883088678350278,0.65794241954163,0.0439895048020001,0.904980421497578,0.680225221043204,34.6368715083799,-0.524010867425784,-0.163991040746813
4,5,0.779415578625496,0.434517175047493,0.0159874737348322,0.683622579024574,0.311775311297396,0.00447443267908877,0.71482687395541,0.357586674481497,0.00532812051776446,0.886471633573254,0.654356620847203,31.5234497954045,-0.552067810722378,-0.103538808788884
5,1,0.899573987490074,0.644090455718715,0.0706125727388732,0.849817572601345,0.59160942146102,0.0547913413278182,0.875014153539034,0.608544770979512,0.0667721255068719,0.908310646972869,0.658904371218972,38.4082535003685,-0.647593433942536,-0.014296914924254
5,2,0.837595709885095,0.593472282693718,0.0384274558713955,0.809436254876202,0.493077034716607,0.067323970614162,0.828072784434354,0.532963718987547,0.03527640534334,0.872439391733991,0.627605728638703,36.1964171465131,-0.566323109700271,-0.156265296416161
5,3,0.901389755889699,0.632652304043741,0.111062234882467,0.86648041239562,0.590613761336812,0.0919231736896358,0.875522496301432,0.59022917071892,0.104559587729643,0.899537819170263,0.619814197017115,40.2605005122201,-0.575027365598079,-0.197928046946232
5,4,0.907818275834071,0.695038525147114,0.0497749249632756,0.871070776870382,0.623946060520592,0.0541153356378543,0.88003423033038,0.653933710251578,0.0595003390886492,0.908199698778903,0.692316394933283,40.6506736772922,-0.507398083185286,-0.0513361661932109
5,5,0.782228496257689,0.430715872551568,0.0110060488635654,0.676861830823417,0.317994191072607,0.0127027027045487,0.713400128205268,0.334599981079121,0.00635049955416338,0.875554312310427,0.601550229212921,37.2993389990557,-0.55332082430515,-0.0751844216914102
6,1,0.900885741093728,0.651254923087686,0.0800599391966375,0.85175615669933,0.603607583844844,0.0536227840628738,0.881283359981653,0.616491090662703,0.0635166001856626,0.896172707771182,0.648629219215812,41.2822402358143,-0.65309966510799,-0.0186693817510648
6,2,0.84002650693396,0.60311033958907,0.0274955664796118,0.812555798698088,0.542176747657633,0.0434922931805717,0.837657830603163,0.53677577923412,0.032738588419428,0.91658264590957,0.671289338212492,34.9328214971209,-0.576503345196346,-0.127678896964544
6,3,0.904510147431567,0.639555093417386,0.0897965207817871,0.870949747784824,0.586039537597273,0.0926701862488049,0.880841781381846,0.60781810619289,0.0909329419379742,0.8583099619913,0.626133454127662,37.304258744329,-0.615944302336907,-0.207635603950209
6,4,0.914681435708089,0.689033260257347,0.0376955480017117,0.872246402823896,0.638012333175216,0.035377095523322,0.88089971068747,0.656017444220801,0.0303330156441896,0.901124316469803,0.647933961239468,37.2658560630956,-0.553321674846732,-0.168241254121912
6,5,0.779268778700745,0.426124840830822,0.0113142855860364,0.660201330659762,0.257189118537133,0.0125232661597863,0.711530807867171,0.33557647243043,0.00791268255395801,0.878033300511493,0.662801651924614,34.985835694051,-0.528631736816443,-0.0250912390313611
7,1,0.90320522667659,0.65135141957292,0.0717979574389287,0.848968901158895,0.599004312051459,0.0664458929108105,0.883208385530143,0.645073162077314,0.0760677360639827,0.903767702306535,0.673349395246741,40.4716285924834,-0.637461153966774,0.0357648469835969
7,2,0.84287526411122,0.597863926883836,0.0216149801467951,0.803665860589486,0.524523468908856,0.0349339348681128,0.833071028404954,0.544179375104843,0.0381945155805526,0.864622758577899,0.616231017063562,37.763915547025,-0.554652060484124,-0.0308639349675078
7,3,0.900549321386388,0.629771414944583,0.0996808914219093,0.864247662490827,0.59724547849704,0.0836208421842673,0.881310791631916,0.62142659515671,0.0876609268164429,0.904393797024157,0.659830028863278,40.9190692228889,-0.595760071763794,-0.193810299673343
7,4,0.914533574355884,0.679963718413867,0.0392496008455525,0.878354337337555,0.671049516459191,0.033035960935131,0.887302833724354,0.641044559257787,0.0411055761550235,0.894367823353345,0.637930165475101,35.9842260926717,-0.579190693699325,-0.0536097914867525
7,5,0.787234169802929,0.422486649362399,0.0137884006827516,0.680762155305621,0.31875918179159,0.00555414973876624,0.721173863850138,0.364864144825194,0.00599941041779269,0.911441960137515,0.678410020736135,36.3550519357885,-0.5621201028948,-0.117530123478496
8,1,0.897095874090117,0.634401285465884,0.0748261928242447,0.838811708528688,0.573929649879307,0.0632656451005342,0.878447279239048,0.622724056833401,0.0648145066212978,0.897302962138303,0.658821119233167,43.6551215917465,-0.647517486979739,-0.0141958885624458
8,2,0.836981099594825,0.568249543400942,0.0314190737965929,0.800454195905027,0.496900403918176,0.0398158108389204,0.833450585207007,0.533957022201363,0.0306944988404241,0.887718217079132,0.63653712161442,35.6365962891875,-0.572773523227345,-0.0246570172678186
8,3,0.898091747507039,0.640755408554508,0.108406463272724,0.861317058378923,0.597704051544879,0.0923826779891679,0.873658810293191,0.594675197585827,0.0971858232751445,0.892752827830823,0.658405165679442,43.1435679789258,-0.60379813786097,-0.269246702921866
8,4,0.908561001354684,0.684965363691918,0.0409900932749446,0.863350256193297,0.622035828600488,0.040019684807504,0.880567770498669,0.658013999820515,0.031978736413354,0.893739971588843,0.662581671380466,40.9300032862307,-0.526822730171351,-0.0255843856035083
8,5,0.774789681922622,0.408567297978837,0.01700147004866,0.683738999520454,0.312980158087208,0.00658976995844728,0.713621551425101,0.356089315249033,0.0139185157343258,0.889761639100376,0.648017852454712,35.2376455775889,-0.540142190162788,-0.0669529772854562
9,1,0.903100003678117,0.642846819402284,0.0843928711918486,0.847008248358009,0.592116424668194,0.0572723092533726,0.88158795856565,0.622343984727881,0.0673447229771554,0.885856794949354,0.619103107015993,39.9410464259396,-0.65143069180967,0.00798130586477259
9,2,0.842031254810233,0.578069485989147,0.0443933422345561,0.792463398253018,0.473630344188045,0.0518381886995657,0.832785634360124,0.543004186198175,0.0324422173956241,0.906183831223299,0.674844662482006,36.980166346769,-0.572262879595806,0.0139109917894785
9,3,0.89720429027283,0.619543841892097,0.100814519708664,0.860177042979071,0.559603837733444,0.0923981321653993,0.879394845851375,0.60501119952368,0.0849560889461671,0.907887151727597,0.682734762355301,40.5385628567247,-0.602527337366109,-0.268093520330704
9,4,0.913035089293727,0.711997282086127,0.0510225197902124,0.871340965714115,0.6219651030115,0.0526220824040338,0.879242680649393,0.633981401947839,0.034509813547747,0.897967877056835,0.665527964218034,42.589549786395,-0.560861162550776,-0.0496158532359882
9,5,0.774682300496184,0.416756015262842,0.0168363754540198,0.694336051125521,0.328388985003572,0.00621430314431185,0.719325815908545,0.348779222699835,0.0057670774596359,0.90463264943074,0.686549408845424,32.4834749763928,-0.532588376794689,-0.147464255126322
10,1,0.901575027459669,0.670408754207297,0.0726943389979909,0.856108018367507,0.616326657190106,0.0668252559496836,0.874840813253338,0.624615618727819,0.0671944119344653,0.903508596190998,0.657233131181528,34.5615327929256,-0.655392536532594,-0.0769360384467265
10,2,0.843752179329869,0.605681242024831,0.0383682044995126,0.813651275178917,0.51917716043449,0.0374868585896662,0.8301923496176,0.529951767306942,0.0365481387860214,0.895620280313825,0.655254670402895,35.0127959053103,-0.555699362857494,-0.166639852735688
10,3,0.89891801987022,0.634535057308354,0.110162496323828,0.865581780347715,0.571028554193753,0.0988670825393358,0.878381257056637,0.602265514606072,0.112497363806171,0.908756675853675,0.710195817209076,38.0360017561832,-0.606543910401896,-0.176171934938716
10,4,0.909792395823985,0.699042319970257,0.0500202145516761,0.883020303158507,0.650044230202177,0.0313114561528145,0.884358213356239,0.657031747456229,0.0304749680932023,0.886435589525968,0.647918426261139,36.4218827008379,-0.54001833451359,-0.144003243290626
10,5,0.778414348768349,0.426784081233641,0.0180996627392359,0.684250352591671,0.317229200353625,0.00610291058487148,0.718113425233711,0.339272024610192,0.00602849574038778,0.901022236237261,0.664609902314032,34.6081208687441,-0.553729697267641,-0.0652858304129826
