design,rep,fold,model,AUC,TSS,PR_AUC,Boyce
National,1,1,Geological baseline,0.790370545060902,0.470753126940477,0.0324352361709399,0.883333333333333
National,1,1,MaxEnt,0.876097359039766,0.608440413420368,0.0536043872452333,0.905779260083296
National,1,1,Random forest,0.898283112610244,0.645632452243976,0.0783533319500771,0.983333333333333
National,1,1,Gradient boosting,0.903939119227971,0.651567058205843,0.0816615886303527,0.924016426393698
National,1,2,Geological baseline,0.78693779572132,0.495835477322718,0.0146394942480608,0.883333333333333
National,1,2,MaxEnt,0.824804025234048,0.517395057609702,0.014841775921096,0.896358126979083
National,1,2,Random forest,0.853618300150975,0.586664291786117,0.0299275579586613,0.878787878787879
National,1,2,Gradient boosting,0.832547675098749,0.554788117304021,0.0328961084094848,0.861640436855329
National,1,3,Geological baseline,0.784453407407227,0.460190260976525,0.0330354386440711,0.8
National,1,3,MaxEnt,0.879262887160272,0.602521908351333,0.0862231024863475,0.966569814451303
National,1,3,Random forest,0.893068392146415,0.614430055365854,0.0946534971117095,0.951515151515151
National,1,3,Gradient boosting,0.900118482529636,0.622681124736516,0.110511621713661,0.957334870310994
National,1,4,Geological baseline,0.784135032456849,0.456905039678979,0.0085258654731436,0.920510149631295
National,1,4,MaxEnt,0.879148771596945,0.600837382426721,0.0313213629783904,0.97553355943236
National,1,4,Random forest,0.888255492450952,0.647001320495891,0.0364127622572391,0.837909235304168
National,1,4,Gradient boosting,0.911559680858792,0.678992149673295,0.0468525657000113,0.97553355943236
National,1,5,Geological baseline,0.649244891090767,0.268987211008037,0.00331094205248772,0.842424242424242
National,1,5,MaxEnt,0.719351981635873,0.340069637534675,0.00462364424736482,0.951515151515151
National,1,5,Random forest,0.773835618337594,0.39185575765616,0.0090710349478132,0.933333333333333
National,1,5,Gradient boosting,0.778734590085677,0.425807589882332,0.00985762563717519,0.948332648140901
National,2,1,Geological baseline,0.790370545060902,0.470753126940477,0.0324352361709399,0.883333333333333
National,2,1,MaxEnt,0.876601549569119,0.607710775945691,0.0532354690396669,0.869304927462492
National,2,1,Random forest,0.896872230143396,0.636650273803368,0.0854889694141619,0.970719794156639
National,2,1,Gradient boosting,0.898632461619569,0.644447882161781,0.070895284791176,0.915151515151515
National,2,2,Geological baseline,0.78693779572132,0.495835477322718,0.0146394942480608,0.883333333333333
National,2,2,MaxEnt,0.827682311349353,0.516192538728459,0.0168588170203484,0.896358126979083
National,2,2,Random forest,0.856859415239068,0.593858671989415,0.0298742834470026,0.878787878787879
National,2,2,Gradient boosting,0.845169332752807,0.589648913492149,0.0356292479087908,0.721742912693948
National,2,3,Geological baseline,0.784453407407227,0.460190260976525,0.0330354386440711,0.8
National,2,3,MaxEnt,0.881007485797476,0.602576122794016,0.0845755587193037,0.966569814451303
National,2,3,Random forest,0.892876502523775,0.621594328003869,0.0895119344345815,0.84498870571529
National,2,3,Gradient boosting,0.899260271590017,0.626594596125637,0.100528905017888,0.917937370956898
National,2,4,Geological baseline,0.784135032456849,0.456905039678979,0.0085258654731436,0.920510149631295
National,2,4,MaxEnt,0.879260735973471,0.594923355683474,0.0317460515880286,0.963262697049563
National,2,4,Random forest,0.88904063195771,0.658013999820515,0.0404601251369524,0.889637522752781
National,2,4,Gradient boosting,0.906169365350017,0.686961919291633,0.0396056837267237,0.94727181327905
National,2,5,Geological baseline,0.649244891090767,0.268987211008037,0.00331094205248772,0.842424242424242
National,2,5,MaxEnt,0.716764632962129,0.337790432777052,0.00451433413531688,0.93904184731142
National,2,5,Random forest,0.772392085744205,0.391723365872171,0.00934684200014279,0.983333333333333
National,2,5,Gradient boosting,0.788143581744179,0.441045422071532,0.0118387201765414,0.932944172978229
National,3,1,Geological baseline,0.790370545060902,0.470753126940477,0.0324352361709399,0.883333333333333
National,3,1,MaxEnt,0.874579378455898,0.607807272430925,0.0519851698004064,0.905779260083296
National,3,1,Random forest,0.896767115324839,0.652967266920962,0.0868344377301809,0.928878423718853
National,3,1,Gradient boosting,0.902502562061015,0.655752899762653,0.0853666383420391,0.963636363636364
National,3,2,Geological baseline,0.78693779572132,0.495835477322718,0.0146394942480608,0.883333333333333
National,3,2,MaxEnt,0.828396189133476,0.531413449740177,0.0179979186553726,0.856305150653836
National,3,2,Random forest,0.858751858909477,0.578471896304422,0.0335817974967602,0.875383982899293
National,3,2,Gradient boosting,0.837102749395442,0.571454689729396,0.0340659423651942,0.795140497035705
National,3,3,Geological baseline,0.784453407407227,0.460190260976525,0.0330354386440711,0.8
National,3,3,MaxEnt,0.878947632020097,0.606583344600348,0.0820959525826322,0.978727925324904
National,3,3,Random forest,0.895327548541657,0.609740395432031,0.0882806252687173,0.960490759014502
National,3,3,Gradient boosting,0.897367597451198,0.620615960156589,0.103119055401577,0.978727925324904
National,3,4,Geological baseline,0.784135032456849,0.456905039678979,0.0085258654731436,0.920510149631295
National,3,4,MaxEnt,0.87784237808917,0.593941103319188,0.0311249324356937,0.97553355943236
National,3,4,Random forest,0.898675871676859,0.673979820771529,0.0380570351277589,0.816012348455999
National,3,4,Gradient boosting,0.908850741229813,0.691029815857062,0.0447055759961622,0.947804480540862
National,3,5,Geological baseline,0.649244891090767,0.268987211008037,0.00331094205248772,0.842424242424242
National,3,5,MaxEnt,0.720840097910113,0.355812570205705,0.00468707014050696,0.939393939393939
National,3,5,Random forest,0.772554313253641,0.392987476335308,0.008739575905658,0.95
National,3,5,Gradient boosting,0.772867554389372,0.403382270266274,0.0116078023226623,0.972648869888103
National,4,1,Geological baseline,0.790370545060902,0.470753126940477,0.0324352361709399,0.883333333333333
National,4,1,MaxEnt,0.877454295788412,0.607926414578614,0.0536384022955546,0.905779260083296
National,4,1,Random forest,0.896997574606279,0.63174265584579,0.0884082546678435,0.933333333333333
National,4,1,Gradient boosting,0.901590821727431,0.653972618942015,0.0818397703308156,0.893621149209695
National,4,2,Geological baseline,0.78693779572132,0.495835477322718,0.0146394942480608,0.883333333333333
National,4,2,MaxEnt,0.82873969864148,0.525223681705692,0.0177268825577261,0.871967429646319
National,4,2,Random forest,0.855677550907575,0.606304176962528,0.0339817020982754,0.9422535927041
National,4,2,Gradient boosting,0.836454133705775,0.577423933141458,0.0294772596386517,0.73011631177642
National,4,3,Geological baseline,0.784453407407227,0.460190260976525,0.0330354386440711,0.8
National,4,3,MaxEnt,0.879593632141213,0.604552626475841,0.0821826269482239,1
National,4,3,Random forest,0.893935233140175,0.612251372381452,0.0964177815574186,0.972648869888103
National,4,3,Gradient boosting,0.89991667203279,0.634589271751037,0.0853091335018062,0.987878787878788
National,4,4,Geological baseline,0.784135032456849,0.456905039678979,0.0085258654731436,0.920510149631295
National,4,4,MaxEnt,0.879758379166079,0.593839181548955,0.0318626992833725,0.97553355943236
National,4,4,Random forest,0.892323175343906,0.648997876095606,0.0349487013368106,0.911858315520097
National,4,4,Gradient boosting,0.906680790417217,0.688018957021919,0.0466589774388338,0.97553355943236
National,4,5,Geological baseline,0.649244891090767,0.268987211008037,0.00331094205248772,0.842424242424242
National,4,5,MaxEnt,0.719793061039409,0.346776762985541,0.00466513096084677,0.945139521644611
National,4,5,Random forest,0.772619557664642,0.394534312579449,0.00977133457526487,0.866666666666667
National,4,5,Gradient boosting,0.774115829490256,0.423495762919209,0.00901418088944879,0.948332648140901
National,5,1,Geological baseline,0.790370545060902,0.470753126940477,0.0324352361709399,0.883333333333333
National,5,1,MaxEnt,0.873583257787692,0.600412381840487,0.0520938039218566,0.890909090909091
National,5,1,Random forest,0.89614172722939,0.643085103697662,0.0846290426511697,0.951515151515151
National,5,1,Gradient boosting,0.907616298818892,0.6636844348573,0.0783387644706832,0.984806980761705
National,5,2,Geological baseline,0.78693779572132,0.495835477322718,0.0146394942480608,0.883333333333333
National,5,2,MaxEnt,0.828073569778451,0.530238260833508,0.0174041731979861,0.871231229178585
National,5,2,Random forest,0.856656168186779,0.586250572515847,0.0224801452638168,0.975757575757576
National,5,2,Gradient boosting,0.841407691597258,0.594895326197383,0.0299714944623857,0.775476393169796
National,5,3,Geological baseline,0.784453407407227,0.460190260976525,0.0330354386440711,0.8
National,5,3,MaxEnt,0.878465676688815,0.598938813137421,0.0864301072992219,0.966569814451303
National,5,3,Random forest,0.893579224966555,0.622498713421202,0.0972386514129429,0.987804421815157
National,5,3,Gradient boosting,0.899088887566106,0.621500577586658,0.101589906644287,0.914179247518375
National,5,4,Geological baseline,0.784135032456849,0.456905039678979,0.0085258654731436,0.920510149631295
National,5,4,MaxEnt,0.880347046832733,0.599855130062435,0.0320373317724552,0.963262697049563
National,5,4,Random forest,0.893131498314124,0.691040499480776,0.0312295345887743,0.796356262220885
National,5,4,Gradient boosting,0.912328474421268,0.680999388896724,0.0412771363661394,0.966268204187762
National,5,5,Geological baseline,0.649244891090767,0.268987211008037,0.00331094205248772,0.842424242424242
National,5,5,MaxEnt,0.719288232409291,0.357415679754333,0.00468347389554099,0.939393939393939
National,5,5,Random forest,0.766699374958543,0.382975177763835,0.00826333447066681,0.983333333333333
National,5,5,Gradient boosting,0.77357905828392,0.408567297978837,0.0111636858430062,0.975757575757576
National,6,1,Geological baseline,0.790370545060902,0.470753126940477,0.0324352361709399,0.883333333333333
National,6,1,MaxEnt,0.876350139443912,0.605558284093442,0.0494737717646077,0.893621149209695
National,6,1,Random forest,0.89799676037211,0.643576456876961,0.0892130998487503,0.893621149209695
National,6,1,Gradient boosting,0.903892710043928,0.659260309005113,0.0842945919329004,0.905779260083296
National,6,2,Geological baseline,0.78693779572132,0.495835477322718,0.0146394942480608,0.883333333333333
National,6,2,MaxEnt,0.830096930309821,0.530210930858934,0.0184809910708759,0.871231229178585
National,6,2,Random forest,0.862431745744535,0.582256626576421,0.0284265232407789,0.930095481830499
National,6,2,Gradient boosting,0.841580545832996,0.566610687339436,0.0269332212019628,0.751784854257716
National,6,3,Geological baseline,0.784453407407227,0.460190260976525,0.0330354386440711,0.8
National,6,3,MaxEnt,0.882757173953788,0.607581480434893,0.0865641348108854,0.987878787878788
National,6,3,Random forest,0.893071121308836,0.621870489736395,0.0980283116415895,0.984806980761705
National,6,3,Gradient boosting,0.898196193290494,0.623827225430955,0.102563883489431,0.938720972283969
National,6,4,Geological baseline,0.784135032456849,0.456905039678979,0.0085258654731436,0.920510149631295
National,6,4,MaxEnt,0.876394533403418,0.582832271381136,0.0312825340121866,0.97553355943236
National,6,4,Random forest,0.890671487117687,0.653044405413606,0.0327177584096655,0.769125641361288
National,6,4,Gradient boosting,0.910552428815015,0.697035080746828,0.0579707021682665,0.824712989561529
National,6,5,Geological baseline,0.649244891090767,0.268987211008037,0.00331094205248772,0.842424242424242
National,6,5,MaxEnt,0.719375360883148,0.349178572865502,0.00461284293799012,0.963432544644185
National,6,5,Random forest,0.762043778456078,0.400419086599994,0.00723831597749626,0.866666666666667
National,6,5,Gradient boosting,0.773657487502977,0.438277971638255,0.00858971011429128,0.996965091635306
National,7,1,Geological baseline,0.790370545060902,0.470753126940477,0.0324352361709399,0.883333333333333
National,7,1,MaxEnt,0.876102191076022,0.60956490758911,0.0512723117051978,0.890909090909091
National,7,1,Random forest,0.89647928462785,0.651954991385273,0.0791331379072965,0.983333333333333
National,7,1,Gradient boosting,0.897310791523599,0.650882712056075,0.0771091127624301,0.951515151515151
National,7,2,Geological baseline,0.78693779572132,0.495835477322718,0.0146394942480608,0.883333333333333
National,7,2,MaxEnt,0.82905854834484,0.531440779714751,0.0147038631014473,0.880771012101089
National,7,2,Random forest,0.851657138872083,0.57923336594082,0.0219809807788776,0.951515151515151
National,7,2,Gradient boosting,0.83784112991539,0.564608059892226,0.0250460379728794,0.780502314648453
National,7,3,Geological baseline,0.784453407407227,0.460190260976525,0.0330354386440711,0.8
National,7,3,MaxEnt,0.880592726870662,0.595619118977688,0.0882109875286607,0.966569814451303
National,7,3,Random forest,0.891163510537849,0.609839825457524,0.100057502959361,0.948332648140901
National,7,3,Gradient boosting,0.898024587983144,0.622404963003991,0.0993610220706639,0.948332648140901
National,7,4,Geological baseline,0.784135032456849,0.456905039678979,0.0085258654731436,0.920510149631295
National,7,4,MaxEnt,0.880945757105678,0.602865988897578,0.0319520222204859,0.963262697049563
National,7,4,Random forest,0.895364055161686,0.655073011884463,0.0492266430149646,0.908553475645465
National,7,4,Gradient boosting,0.908057589005269,0.705047584860023,0.0499166668026071,0.966268204187762
National,7,5,Geological baseline,0.649244891090767,0.268987211008037,0.00331094205248772,0.842424242424242
National,7,5,MaxEnt,0.719430682706643,0.348152604502517,0.00455522047136458,0.972648869888103
National,7,5,Random forest,0.770724071599217,0.402942414195444,0.00836608978069193,0.828459134668166
National,7,5,Gradient boosting,0.78200945174034,0.417244260938497,0.00940928093594193,0.903030303030303
National,8,1,Geological baseline,0.790370545060902,0.470753126940477,0.0324352361709399,0.883333333333333
National,8,1,MaxEnt,0.87599610263822,0.607315919251626,0.052653422234144,0.905779260083296
National,8,1,Random forest,0.898449745741137,0.646854308337282,0.0937117976342228,0.966666666666667
National,8,1,Gradient boosting,0.903815469583774,0.659848158669647,0.0774661240370008,0.930095481830499
National,8,2,Geological baseline,0.78693779572132,0.495835477322718,0.0146394942480608,0.883333333333333
National,8,2,MaxEnt,0.827836709998813,0.523596134599182,0.0158751161473814,0.85282493560439
National,8,2,Random forest,0.857891750054503,0.564839893469644,0.0277369817525327,0.914651149978656
National,8,2,Gradient boosting,0.836348897596784,0.568045039798097,0.0240093966344845,0.802606768791356
National,8,3,Geological baseline,0.784453407407227,0.460190260976525,0.0330354386440711,0.8
National,8,3,MaxEnt,0.880352339294193,0.603520044185877,0.0871885005893669,1
National,8,3,Random forest,0.899025526741255,0.626431952797587,0.0939257527050253,0.97553355943236
National,8,3,Gradient boosting,0.903733553200559,0.619435413006731,0.114035239595965,0.978727925324904
National,8,4,Geological baseline,0.784135032456849,0.456905039678979,0.0085258654731436,0.920510149631295
National,8,4,MaxEnt,0.879216505771294,0.590919560860331,0.032444505168431,0.963262697049563
National,8,4,Random forest,0.899151827113328,0.652040785801892,0.0458826074438416,0.862921451283397
National,8,4,Gradient boosting,0.91838437968744,0.724045631893608,0.0619147883417599,0.917031607796029
National,8,5,Geological baseline,0.649244891090767,0.268987211008037,0.00331094205248772,0.842424242424242
National,8,5,MaxEnt,0.719219997629453,0.345800271634231,0.00456540165013228,0.963636363636364
National,8,5,Random forest,0.77109453752043,0.415708298762857,0.00777811572879022,0.933333333333333
National,8,5,Gradient boosting,0.783102295624601,0.440695548917541,0.0106308432219601,0.903030303030303
National,9,1,Geological baseline,0.790370545060902,0.470753126940477,0.0324352361709399,0.883333333333333
National,9,1,MaxEnt,0.874503436154738,0.605439141945753,0.0507074561578227,0.890909090909091
National,9,1,Random forest,0.892413342478142,0.629389309949163,0.0762124323031762,0.983333333333333
National,9,1,Gradient boosting,0.900779508416037,0.657249604963006,0.0599362758411127,0.910877033247062
National,9,2,Geological baseline,0.78693779572132,0.495835477322718,0.0146394942480608,0.883333333333333
National,9,2,MaxEnt,0.826374242221481,0.517213171916849,0.0160194017612562,0.896358126979083
National,9,2,Random forest,0.858622905408759,0.600075769998473,0.0294199897683769,0.875383982899293
National,9,2,Gradient boosting,0.841838688437662,0.579647085211091,0.033044248508576,0.780502314648453
National,9,3,Geological baseline,0.784453407407227,0.460190260976525,0.0330354386440711,0.8
National,9,3,MaxEnt,0.882247705714859,0.608559848282173,0.0851018063565618,1
National,9,3,Random forest,0.893391613490412,0.616386791060415,0.086173705556345,0.987878787878788
National,9,3,Gradient boosting,0.902543859668534,0.644614665500946,0.0964096940424498,0.948332648140901
National,9,4,Geological baseline,0.784135032456849,0.456905039678979,0.0085258654731436,0.920510149631295
National,9,4,MaxEnt,0.87992846245561,0.598840826827007,0.0322017814561018,0.963262697049563
National,9,4,Random forest,0.898038166177357,0.663020559565476,0.0472250307653897,0.917031607796029
National,9,4,Gradient boosting,0.911727841096054,0.677033414101529,0.0508311128482103,0.919198937236662
National,9,5,Geological baseline,0.649244891090767,0.268987211008037,0.00331094205248772,0.842424242424242
National,9,5,MaxEnt,0.719074421037408,0.34977256885732,0.00462294873243656,0.948332648140901
National,9,5,Random forest,0.767515269910691,0.395401519542332,0.00731266233360008,0.866666666666667
National,9,5,Gradient boosting,0.775766309199788,0.410887008641622,0.0112733432384189,0.981725567643758
National,10,1,Geological baseline,0.790370545060902,0.470753126940477,0.0324352361709399,0.883333333333333
National,10,1,MaxEnt,0.875554367980476,0.605558284093442,0.0514115821695179,0.905779260083296
National,10,1,Random forest,0.894695686289782,0.628920602432317,0.0830836888981065,0.927272727272727
National,10,1,Gradient boosting,0.895098728597505,0.643672953362196,0.0702374389392648,0.859772080979937
National,10,2,Geological baseline,0.78693779572132,0.495835477322718,0.0146394942480608,0.883333333333333
National,10,2,MaxEnt,0.827134298238505,0.522420945692513,0.0153342918966163,0.871231229178585
National,10,2,Random forest,0.854948515982381,0.589660222447145,0.0220353261566055,0.903030303030303
National,10,2,Gradient boosting,0.843478408377674,0.582477151198844,0.0243556835178657,0.779199761307608
National,10,3,Geological baseline,0.784453407407227,0.460190260976525,0.0330354386440711,0.8
National,10,3,MaxEnt,0.880695771192334,0.604552626475841,0.0815684074240165,1
National,10,3,Random forest,0.892105071573022,0.610590566406681,0.104640052890377,0.996965091635306
National,10,3,Gradient boosting,0.902653616254537,0.624731610848288,0.101935440433309,0.905779260083296
National,10,4,Geological baseline,0.784135032456849,0.456905039678979,0.0085258654731436,0.920510149631295
National,10,4,MaxEnt,0.880342559710773,0.595910522514669,0.032011974125285,0.963262697049563
National,10,4,Random forest,0.897011576774657,0.66602650393371,0.0433593523419924,0.843176713208429
National,10,4,Gradient boosting,0.91535920479652,0.699015183566023,0.0581259647000691,0.966268204187762
National,10,5,Geological baseline,0.649244891090767,0.268987211008037,0.00331094205248772,0.842424242424242
National,10,5,MaxEnt,0.717421154847823,0.343553689082109,0.00452818855470244,0.927272727272727
National,10,5,Random forest,0.769020852657459,0.385254382521457,0.00786439207872927,0.903030303030303
National,10,5,Gradient boosting,0.782709062122466,0.439425457716728,0.0122830888207983,0.915151515151515
Mesozoic,1,1,Geological baseline,0.662705282664583,0.345839293350833,0.000799435648963167,0.661093652917021
Mesozoic,1,1,MaxEnt,0.807185446251702,0.528558437664361,0.0017841619055509,0.921223750591135
Mesozoic,1,1,Random forest,0.829894710453748,0.486433771302454,0.00563881523015086,0.952380952380953
Mesozoic,1,1,Gradient boosting,0.854671670623627,0.628277763850589,0.0106243906249288,0.816012348455999
Mesozoic,1,2,Geological baseline,0.77908713206078,0.41219173792495,0.00196827482123886,0.962351520069081
Mesozoic,1,2,MaxEnt,0.801368250463436,0.498305115738995,0.00225851014206005,0.778498944161523
Mesozoic,1,2,Random forest,0.805592318048517,0.55607746866807,0.002952329324357,0.666666666666667
Mesozoic,1,2,Gradient boosting,0.852218587878359,0.626355164539775,0.0155674804569291,0.755254912049361
Mesozoic,1,3,Geological baseline,0.819065047876994,0.509708903691775,0.00141388900920469,0.881680613267819
Mesozoic,1,3,MaxEnt,0.872786974390078,0.698355067083564,0.00311732539195816,0.784986435362869
Mesozoic,1,3,Random forest,0.857278453435397,0.626325201041547,0.00805713785312933,0.915385729888094
Mesozoic,1,3,Gradient boosting,0.833630669162475,0.575318686145126,0.00576560010902229,0.934725166745553
Mesozoic,1,4,Geological baseline,0.668952540590285,0.477604680207717,0.000303651284006854,0.465369345199037
Mesozoic,1,4,MaxEnt,0.772273713271544,0.547048576875041,0.000384292723071253,0.756644449203734
Mesozoic,1,4,Random forest,0.834322618812857,0.700026293301781,0.000323961401139354,0.791039852105473
Mesozoic,1,4,Gradient boosting,0.7465062775258,0.489032406494446,0.000259413645326255,0.546230993599135
Mesozoic,1,5,Geological baseline,0.750749828583249,0.434777149710773,0.00177168120200484,0.828283210838796
Mesozoic,1,5,MaxEnt,0.86655328262547,0.653265728524386,0.00338017474587763,0.898646375530978
Mesozoic,1,5,Random forest,0.819433147892542,0.553830818582555,0.00794502838129726,0.862290908577547
Mesozoic,1,5,Gradient boosting,0.845737904957445,0.601180147407766,0.00496444434705627,0.871967429646319
Mesozoic,2,1,Geological baseline,0.662705282664583,0.345839293350833,0.000799435648963167,0.661093652917021
Mesozoic,2,1,MaxEnt,0.80406067666475,0.533898613343558,0.00179126778083596,0.924506702884387
Mesozoic,2,1,Random forest,0.80645353152542,0.491215548641116,0.007268186786786,0.678571428571428
Mesozoic,2,1,Gradient boosting,0.839603763290225,0.564244318935897,0.0198268467983934,0.893282172853095
Mesozoic,2,2,Geological baseline,0.77908713206078,0.41219173792495,0.00196827482123886,0.962351520069081
Mesozoic,2,2,MaxEnt,0.797847432225582,0.443296235596912,0.00358931554541004,0.916248050208288
Mesozoic,2,2,Random forest,0.830675767002748,0.572672019895176,0.00445557447542213,0.864530967116533
Mesozoic,2,2,Gradient boosting,0.844847803279138,0.613957251887459,0.0108818387232123,0.512511804906336
Mesozoic,2,3,Geological baseline,0.819065047876994,0.509708903691775,0.00141388900920469,0.881680613267819
Mesozoic,2,3,MaxEnt,0.877210411285516,0.698355067083564,0.00287627754296631,0.784986435362869
Mesozoic,2,3,Random forest,0.852006232549385,0.595317222123459,0.0115063543865557,0.847579379526013
Mesozoic,2,3,Gradient boosting,0.847543057922972,0.595317222123459,0.00931086548767705,0.898646375530978
Mesozoic,2,4,Geological baseline,0.668952540590285,0.477604680207717,0.000303651284006854,0.465369345199037
Mesozoic,2,4,MaxEnt,0.760283967659239,0.547048576875041,0.000368163916838516,0.574163398835812
Mesozoic,2,4,Random forest,0.838031617695392,0.671530927496221,0.000341430366992214,0.913223320977314
Mesozoic,2,4,Gradient boosting,0.765430881482942,0.571041214750542,0.000260404221819866,0.589076733870508
Mesozoic,2,5,Geological baseline,0.750749828583249,0.434777149710773,0.00177168120200484,0.828283210838796
Mesozoic,2,5,MaxEnt,0.868293199894277,0.628258248327224,0.00367826347192933,0.956717261205505
Mesozoic,2,5,Random forest,0.827410889890221,0.560527457111763,0.00818738902575779,0.928571428571429
Mesozoic,2,5,Gradient boosting,0.834990468334825,0.550984725926853,0.00505223851682931,0.851997954563132
Mesozoic,3,1,Geological baseline,0.662705282664583,0.345839293350833,0.000799435648963167,0.661093652917021
Mesozoic,3,1,MaxEnt,0.801993718018669,0.55323757981508,0.00157006138293929,0.924506702884387
Mesozoic,3,1,Random forest,0.819023884309302,0.516225502484774,0.00847088728243129,0.607142857142857
Mesozoic,3,1,Gradient boosting,0.84961831310614,0.611605935931655,0.00476137751644007,0.809258701410579
Mesozoic,3,2,Geological baseline,0.77908713206078,0.41219173792495,0.00196827482123886,0.962351520069081
Mesozoic,3,2,MaxEnt,0.79394260784363,0.463296555602033,0.00296045744455985,0.714619675697533
Mesozoic,3,2,Random forest,0.819731591895947,0.604704532415376,0.00410238525208768,0.707527552887687
Mesozoic,3,2,Gradient boosting,0.853542037624983,0.590475733326019,0.0162016422583795,0.810922823582951
Mesozoic,3,3,Geological baseline,0.819065047876994,0.509708903691775,0.00141388900920469,0.881680613267819
Mesozoic,3,3,MaxEnt,0.87359706637944,0.702351846235896,0.00271929954738377,0.784986435362869
Mesozoic,3,3,Random forest,0.836355143770414,0.584532959659232,0.010922230859416,0.813676204344973
Mesozoic,3,3,Gradient boosting,0.860802214158484,0.587323663818796,0.0255333397079282,0.924506702884387
Mesozoic,3,4,Geological baseline,0.668952540590285,0.477604680207717,0.000303651284006854,0.465369345199037
Mesozoic,3,4,MaxEnt,0.772346019851443,0.556037599421547,0.000528942325325688,0.678575799950949
Mesozoic,3,4,Random forest,0.761997962269112,0.494248340235325,0.000301421715975225,0.558080918375025
Mesozoic,3,4,Gradient boosting,0.768842437389075,0.525997502136331,0.000445126923157761,0.678575799950949
Mesozoic,3,5,Geological baseline,0.750749828583249,0.434777149710773,0.00177168120200484,0.828283210838796
Mesozoic,3,5,MaxEnt,0.873624463032504,0.656273555172785,0.0038848825928137,0.956717261205505
Mesozoic,3,5,Random forest,0.822827646468219,0.522803854546662,0.00744890330262892,0.880952380952381
Mesozoic,3,5,Gradient boosting,0.84386732364717,0.599235083337696,0.00510479304670177,0.67532983143918
Mesozoic,4,1,Geological baseline,0.662705282664583,0.345839293350833,0.000799435648963167,0.661093652917021
Mesozoic,4,1,MaxEnt,0.803889126470343,0.547235780750004,0.00177853250059774,0.924506702884387
Mesozoic,4,1,Random forest,0.818201279007467,0.50360255408255,0.00501552112956776,0.714285714285714
Mesozoic,4,1,Gradient boosting,0.858382856777707,0.616604977413377,0.0056143171457273,0.897085227145061
Mesozoic,4,2,Geological baseline,0.77908713206078,0.41219173792495,0.00196827482123886,0.962351520069081
Mesozoic,4,2,MaxEnt,0.798120198494605,0.459678211994249,0.00232873872340944,0.941179969941847
Mesozoic,4,2,Random forest,0.813639684901625,0.545583586480241,0.00418528576553029,0.802409595481884
Mesozoic,4,2,Gradient boosting,0.833829722227937,0.661745445069978,0.00447941734049951,0.545779124207135
Mesozoic,4,3,Geological baseline,0.819065047876994,0.509708903691775,0.00141388900920469,0.881680613267819
Mesozoic,4,3,MaxEnt,0.873931002750269,0.70334738096981,0.00429019439988135,0.784986435362869
Mesozoic,4,3,Random forest,0.84598422342365,0.597785841516169,0.00820683057943506,0.826868865789565
Mesozoic,4,3,Gradient boosting,0.856626266640175,0.56955392654097,0.00589741932353182,0.888786294584405
Mesozoic,4,4,Geological baseline,0.668952540590285,0.477604680207717,0.000303651284006854,0.465369345199037
Mesozoic,4,4,MaxEnt,0.777844606586472,0.553046736343917,0.000431128138575236,0.756644449203734
Mesozoic,4,4,Random forest,0.763979819890883,0.518043778347466,0.000277303557268967,0.627376434428478
Mesozoic,4,4,Gradient boosting,0.758773746138171,0.533047393676461,0.000368514664566325,0.529423393731722
Mesozoic,4,5,Geological baseline,0.750749828583249,0.434777149710773,0.00177168120200484,0.828283210838796
Mesozoic,4,5,MaxEnt,0.870351052143465,0.668273366199383,0.00375814406418351,0.956717261205505
Mesozoic,4,5,Random forest,0.831722803258685,0.591050492075673,0.0139896851633094,0.976190476190476
Mesozoic,4,5,Gradient boosting,0.847983879377086,0.574192277031603,0.00829442602888412,0.80298537814383
Mesozoic,5,1,Geological baseline,0.662705282664583,0.345839293350833,0.000799435648963167,0.661093652917021
Mesozoic,5,1,MaxEnt,0.780855686471129,0.532569467997778,0.0013313618345432,0.894186721257433
Mesozoic,5,1,Random forest,0.801026106105516,0.513217229734712,0.00269683052788851,0.396412483586046
Mesozoic,5,1,Gradient boosting,0.85356052674266,0.643951258116684,0.00424433515817596,0.741234143431291
Mesozoic,5,2,Geological baseline,0.77908713206078,0.41219173792495,0.00196827482123886,0.962351520069081
Mesozoic,5,2,MaxEnt,0.799528221022965,0.495313067866229,0.00221493468121946,0.830780403254297
Mesozoic,5,2,Random forest,0.835391651980718,0.569314251885173,0.0050346565406276,0.874267171196679
Mesozoic,5,2,Gradient boosting,0.859456037010878,0.683745797075611,0.00776007434341988,0.690551466957357
Mesozoic,5,3,Geological baseline,0.819065047876994,0.509708903691775,0.00141388900920469,0.881680613267819
Mesozoic,5,3,MaxEnt,0.874289339482224,0.705353090654313,0.00344277886299801,0.784986435362869
Mesozoic,5,3,Random forest,0.84849188339416,0.599328641492465,0.0121488673590138,0.847579379526013
Mesozoic,5,3,Gradient boosting,0.856626266640175,0.568068293125024,0.0135026041410882,0.846925720824159
Mesozoic,5,4,Geological baseline,0.668952540590285,0.477604680207717,0.000303651284006854,0.465369345199037
Mesozoic,5,4,MaxEnt,0.771524354170775,0.545043712614212,0.000398170117010822,0.756644449203734
Mesozoic,5,4,Random forest,0.779977650693486,0.49602642476829,0.000310260059919761,0.722968462440374
Mesozoic,5,4,Gradient boosting,0.740687241175311,0.475014789982252,0.000251926752317247,0.603178488845288
Mesozoic,5,5,Geological baseline,0.750749828583249,0.434777149710773,0.00177168120200484,0.828283210838796
Mesozoic,5,5,MaxEnt,0.866044671780015,0.647230496902156,0.00330288063522783,0.924506702884387
Mesozoic,5,5,Random forest,0.835310744201943,0.580192182544901,0.00715068650401504,0.80952380952381
Mesozoic,5,5,Gradient boosting,0.866246413655116,0.634167923297228,0.0059500623170549,0.779246150786742
Mesozoic,6,1,Geological baseline,0.662705282664583,0.345839293350833,0.000799435648963167,0.661093652917021
Mesozoic,6,1,MaxEnt,0.795744178844764,0.533572225581132,0.00148892229074518,0.924506702884387
Mesozoic,6,1,Random forest,0.801206258387035,0.46943506407326,0.00315205281052255,0.666666666666667
Mesozoic,6,1,Gradient boosting,0.830955224907712,0.587925127433776,0.00430122816688523,0.840554073221593
Mesozoic,6,2,Geological baseline,0.77908713206078,0.41219173792495,0.00196827482123886,0.962351520069081
Mesozoic,6,2,MaxEnt,0.802002165367979,0.513313355870837,0.00223588928619629,0.855955566989276
Mesozoic,6,2,Random forest,0.823853562609383,0.573712036535442,0.00422725446912338,0.864530967116533
Mesozoic,6,2,Gradient boosting,0.841188316155916,0.619102477068204,0.0282181446277002,0.596609087050234
Mesozoic,6,3,Geological baseline,0.819065047876994,0.509708903691775,0.00141388900920469,0.881680613267819
Mesozoic,6,3,MaxEnt,0.875483562871016,0.706348625388227,0.00254501193483827,0.784986435362869
Mesozoic,6,3,Random forest,0.844495801395004,0.574665453620142,0.0140883020376202,0.830627791935493
Mesozoic,6,3,Gradient boosting,0.832310261049006,0.613324688633963,0.0251499167350148,0.782274902440635
Mesozoic,6,4,Geological baseline,0.668952540590285,0.477604680207717,0.000303651284006854,0.465369345199037
Mesozoic,6,4,MaxEnt,0.782301321238415,0.564040623151252,0.000483303268127488,0.678575799950949
Mesozoic,6,4,Random forest,0.754645697758496,0.480036810622494,0.000269795929994026,0.507346289431841
Mesozoic,6,4,Gradient boosting,0.687803194636167,0.448024715703674,0.00027638313837963,0.376986555528305
Mesozoic,6,5,Geological baseline,0.750749828583249,0.434777149710773,0.00177168120200484,0.828283210838796
Mesozoic,6,5,MaxEnt,0.867562417616747,0.660273492181651,0.00369120193506,0.956717261205505
Mesozoic,6,5,Random forest,0.814573254219874,0.55307492497458,0.0111291538593109,0.785714285714286
Mesozoic,6,5,Gradient boosting,0.831308891922111,0.597105727639105,0.0070258412589166,0.644220275096841
Mesozoic,7,1,Geological baseline,0.662705282664583,0.345839293350833,0.000799435648963167,0.661093652917021
Mesozoic,7,1,MaxEnt,0.799641170080466,0.539574024646208,0.00163931591882979,0.921223750591135
Mesozoic,7,1,Random forest,0.80985160170862,0.482877422716392,0.0042327159070872,0.607142857142857
Mesozoic,7,1,Gradient boosting,0.845408205899557,0.625269491100527,0.0127789690431985,0.740252145476344
Mesozoic,7,2,Geological baseline,0.77908713206078,0.41219173792495,0.00196827482123886,0.962351520069081
Mesozoic,7,2,MaxEnt,0.798255057795211,0.472686420125579,0.00256609417585168,0.855955566989276
Mesozoic,7,2,Random forest,0.842893867254257,0.569199964342287,0.00521376860690428,0.756322556535113
Mesozoic,7,2,Gradient boosting,0.85216296794082,0.680372028809604,0.0278698311255782,0.4087119456848
Mesozoic,7,3,Geological baseline,0.819065047876994,0.509708903691775,0.00141388900920469,0.881680613267819
Mesozoic,7,3,MaxEnt,0.877814145935074,0.716362533594069,0.00363239491129226,0.784986435362869
Mesozoic,7,3,Random forest,0.858033470323932,0.632951641970015,0.0263827404312203,0.756322556535113
Mesozoic,7,3,Gradient boosting,0.878102767349528,0.651345331339475,0.00870755499210634,0.885716211854273
Mesozoic,7,4,Geological baseline,0.668952540590285,0.477604680207717,0.000303651284006854,0.465369345199037
Mesozoic,7,4,MaxEnt,0.779031091829357,0.543038848353382,0.000467712460243279,0.678575799950949
Mesozoic,7,4,Random forest,0.802772300006573,0.616002760796687,0.000325645166694444,0.736485379546474
Mesozoic,7,4,Gradient boosting,0.725859462301979,0.378018799710774,0.000351349630489628,0.479431013307194
Mesozoic,7,5,Geological baseline,0.750749828583249,0.434777149710773,0.00177168120200484,0.828283210838796
Mesozoic,7,5,MaxEnt,0.866043394932704,0.636258122344956,0.00352863603954479,0.956717261205505
Mesozoic,7,5,Random forest,0.82821509088812,0.544067192812882,0.00877425194590253,0.898219696434944
Mesozoic,7,5,Gradient boosting,0.851235796669727,0.634222827731592,0.00489624702872768,0.890811903878312
Mesozoic,8,1,Geological baseline,0.662705282664583,0.345839293350833,0.000799435648963167,0.661093652917021
Mesozoic,8,1,MaxEnt,0.783688476644105,0.534574983164487,0.0013510156804382,0.856348838577675
Mesozoic,8,1,Random forest,0.792539532734628,0.46353255767085,0.00266265232000262,0.64671818143316
Mesozoic,8,1,Gradient boosting,0.834003558806325,0.57524958341321,0.00365421413919886,0.819150073319746
Mesozoic,8,2,Geological baseline,0.77908713206078,0.41219173792495,0.00196827482123886,0.962351520069081
Mesozoic,8,2,MaxEnt,0.797745335353937,0.46005993238749,0.00294059742786169,0.910015070274898
Mesozoic,8,2,Random forest,0.83669986338829,0.599728452798102,0.00390630575659101,0.92217222167321
Mesozoic,8,2,Gradient boosting,0.852345066092486,0.668355836550528,0.00812414154616905,0.484780006819233
Mesozoic,8,3,Geological baseline,0.819065047876994,0.509708903691775,0.00141388900920469,0.881680613267819
Mesozoic,8,3,MaxEnt,0.872936862322705,0.699350601817478,0.00223053462557579,0.784986435362869
Mesozoic,8,3,Random forest,0.863664376518487,0.664023758980204,0.00355399405229241,0.626679561440512
Mesozoic,8,3,Gradient boosting,0.845473210146367,0.60708447056445,0.00403075039882367,0.726555907018187
Mesozoic,8,4,Geological baseline,0.668952540590285,0.477604680207717,0.000303651284006854,0.465369345199037
Mesozoic,8,4,MaxEnt,0.772375599815947,0.538043121014922,0.000403958959809266,0.678575799950949
Mesozoic,8,4,Random forest,0.818178531519095,0.696049431407349,0.000278537760228534,0.86248869203413
Mesozoic,8,4,Gradient boosting,0.778580819036351,0.566045487412082,0.000270779802847993,0.712847304998976
Mesozoic,8,5,Geological baseline,0.750749828583249,0.434777149710773,0.00177168120200484,0.828283210838796
Mesozoic,8,5,MaxEnt,0.868357042259816,0.646257964867121,0.00342395348191751,0.94727181327905
Mesozoic,8,5,Random forest,0.823576517415985,0.536094558204446,0.0107656422217779,0.904761904761905
Mesozoic,8,5,Gradient boosting,0.853141916896819,0.614207394903762,0.0065277210214738,0.737818594316116
Mesozoic,9,1,Geological baseline,0.662705282664583,0.345839293350833,0.000799435648963167,0.661093652917021
Mesozoic,9,1,MaxEnt,0.799653458776341,0.539243212953269,0.00157320378035977,0.924506702884387
Mesozoic,9,1,Random forest,0.805145522736545,0.478529682116015,0.00574308204171866,0.833333333333334
Mesozoic,9,1,Gradient boosting,0.843538849483137,0.614930273939609,0.0154308682889821,0.808135229794045
Mesozoic,9,2,Geological baseline,0.77908713206078,0.41219173792495,0.00196827482123886,0.962351520069081
Mesozoic,9,2,MaxEnt,0.797886289990164,0.486304923735923,0.00220035465805608,0.704693920380407
Mesozoic,9,2,Random forest,0.817965849358352,0.613360670913592,0.00285639775393793,0.622765656194895
Mesozoic,9,2,Gradient boosting,0.817383744806584,0.543466981185985,0.0105218500749607,0.73489880887205
Mesozoic,9,3,Geological baseline,0.819065047876994,0.509708903691775,0.00141388900920469,0.881680613267819
Mesozoic,9,3,MaxEnt,0.874436438802152,0.711355579491148,0.00622779507968072,0.784986435362869
Mesozoic,9,3,Random forest,0.849146510225494,0.575980981661386,0.00940596746831455,0.852980514182919
Mesozoic,9,3,Gradient boosting,0.85451458967307,0.606326665063214,0.00444753671905897,0.785207053298757
Mesozoic,9,4,Geological baseline,0.668952540590285,0.477604680207717,0.000303651284006854,0.465369345199037
Mesozoic,9,4,MaxEnt,0.771971340301058,0.563038191020838,0.00042486025122864,0.678575799950949
Mesozoic,9,4,Random forest,0.787420298428975,0.575987642148163,0.000305506696084147,0.627376434428478
Mesozoic,9,4,Gradient boosting,0.782087688161441,0.591040557417998,0.000272404247040079,0.712847304998976
Mesozoic,9,5,Geological baseline,0.750749828583249,0.434777149710773,0.00177168120200484,0.828283210838796
Mesozoic,9,5,MaxEnt,0.87579552907658,0.671281192847782,0.00402727488530874,0.966091783079296
Mesozoic,9,5,Random forest,0.819281415870446,0.544035697245883,0.0100871137196717,0.880952380952381
Mesozoic,9,5,Gradient boosting,0.857259749474045,0.64323055989329,0.00669605293040401,0.794137857340517
Mesozoic,10,1,Geological baseline,0.662705282664583,0.345839293350833,0.000799435648963167,0.661093652917021
Mesozoic,10,1,MaxEnt,0.805955593568588,0.544242254434991,0.00166447130169016,0.924506702884387
Mesozoic,10,1,Random forest,0.806988827117711,0.502629289369295,0.00341506537141446,0.404761904761905
Mesozoic,10,1,Gradient boosting,0.812746081134886,0.578588667856212,0.00318802563263782,0.687835939428795
Mesozoic,10,2,Geological baseline,0.77908713206078,0.41219173792495,0.00196827482123886,0.962351520069081
Mesozoic,10,2,MaxEnt,0.801088626941841,0.488823821181139,0.00228527758558753,0.821805347944076
Mesozoic,10,2,Random forest,0.825322919452426,0.566303918005545,0.00374686220765188,0.687606741025007
Mesozoic,10,2,Gradient boosting,0.852627737281892,0.631484389464517,0.00672930251067514,0.646508183835236
Mesozoic,10,3,Geological baseline,0.819065047876994,0.509708903691775,0.00141388900920469,0.881680613267819
Mesozoic,10,3,MaxEnt,0.874911200114333,0.70835433507273,0.00257593559965462,0.784986435362869
Mesozoic,10,3,Random forest,0.843883352330757,0.571069537543441,0.00510776072548093,0.830627791935493
Mesozoic,10,3,Gradient boosting,0.817877796019953,0.563699931330412,0.00387060651014198,0.85282493560439
Mesozoic,10,4,Geological baseline,0.668952540590285,0.477604680207717,0.000303651284006854,0.465369345199037
Mesozoic,10,4,MaxEnt,0.781571682113981,0.562052192204036,0.000429970852926857,0.678575799950949
Mesozoic,10,4,Random forest,0.79163380003944,0.531601262078485,0.000316115563322022,0.463713016751484
Mesozoic,10,4,Gradient boosting,0.746775783869059,0.428025373036219,0.000312113235958447,0.63059569288371
Mesozoic,10,5,Geological baseline,0.750749828583249,0.434777149710773,0.00177168120200484,0.828283210838796
Mesozoic,10,5,MaxEnt,0.871650031474286,0.66627339769495,0.00377980694564298,0.956717261205505
Mesozoic,10,5,Random forest,0.81449260003141,0.521012437769654,0.00814604712505393,1
Mesozoic,10,5,Gradient boosting,0.849480982848961,0.618223079696127,0.0055878562366624,0.75085809497393
