rep,fold,base_AUC,base_TSS,base_PR,base_Boyce,base_rhoVias,geo_AUC,geo_TSS,geo_PR,geo_Boyce,geo_rhoVias,geotopo0_AUC,geotopo0_TSS,geotopo0_PR,geotopo0_Boyce,geotopo0_rhoVias,geotopo_AUC,geotopo_TSS,geotopo_PR,geotopo_Boyce,geotopo_rhoVias,all_obs_AUC,all_obs_TSS,all_obs_PR,all_obs_Boyce,all_obs_rhoVias,all_neu_AUC,all_neu_TSS,all_neu_PR,all_neu_Boyce,all_neu_rhoVias,all_rand_AUC,all_rand_TSS,all_rand_PR,all_rand_Boyce,all_rand_rhoVias,desp_base,desp_geo,desp_geotopo0,desp_geotopo,desp_all_obs
1,1,0.790370545060902,0.470753126940477,0.0324352361709399,0.883333333333333,-0.325645841908604,0.767217194260118,0.454031036096753,0.065567497059202,0.8,-0.157502078686517,0.868130196692724,0.580625409731433,0.0690653705014924,0.984806980761705,-0.345670413853197,0.884570406734849,0.622017065021178,0.0704742140612975,0.975757575757576,-0.365760661022277,0.900228403863033,0.649125076897891,0.073194658706475,0.957334870310994,-0.614700370337166,0.867395438702014,0.635383991824483,0.0675623860480506,0.887542093772894,-0.0461461200978353,0.892110898645069,0.63805788687214,0.0800990970251656,0.956717261205505,-0.603019950889148,64.9373618275608,28.4303610906411,34.2372881355932,31.5696389093589,40.4274134119381
1,2,0.78693779572132,0.495835477322718,0.0146394942480608,0.883333333333333,-0.349747566414214,0.757496109405344,0.416073417735834,0.0255642847905427,0.721212121212121,-0.142493498660112,0.813144414098749,0.48825565023664,0.0264949602658361,0.806060606060606,-0.306808605433012,0.827812835538266,0.53514823212761,0.0311454493472149,0.802435317657685,-0.349214521280522,0.842975002811532,0.604092333847891,0.0273910967822163,0.670744176651015,-0.58454045279367,0.801918312904963,0.499471306353936,0.0435147143012964,0.903030303030303,-0.0823000826181272,0.893742951518363,0.632285143172139,0.0948550880571144,0.932944172978229,-0.595400050592981,60.7965451055662,63.4836852207294,31.573896353167,28.998720409469,35.5086372360845
1,3,0.784453407407227,0.460190260976525,0.0330354386440711,0.8,-0.328363973897483,0.748532909236245,0.431612832462694,0.0450822097405623,0.733333333333333,-0.0791039920810021,0.86620454570768,0.572174654888192,0.0581884471235177,0.930095481830499,-0.335939417354156,0.87741063412974,0.60191345265379,0.0764503794914737,0.878787878787879,-0.355948407513145,0.898896997943466,0.63647202501565,0.10137013042767,0.924016426393698,-0.622192332635533,0.866650136793734,0.571561109671539,0.0819676018769295,0.987878787878788,-0.285970127444774,0.886282192319385,0.638512715760119,0.0606038989667688,0.911858315520097,-0.593649736385383,49.8316991072735,55.1295185130982,33.8065271476658,28.7135957851603,37.6115908093078
1,4,0.784135032456849,0.456905039678979,0.0085258654731436,0.920510149631295,-0.387227896864604,0.805119912992569,0.517897206446071,0.0162341341224559,0.808514373094486,-0.066327364942809,0.865456532608556,0.615037627722721,0.0299538856667314,0.835381383647173,-0.191087183632773,0.882562296209878,0.650033546578463,0.0327497150285571,0.823186034980791,-0.2430133658737,0.910176258424037,0.695972273859737,0.035704112784735,0.910877033247062,-0.53199158277752,0.866360794519728,0.629055396725683,0.0378941675891478,0.826751539404888,-0.00539335803068551,0.923441875582006,0.714120606844021,0.0804212952060052,0.932944172978229,-0.583946962569053,59.4314820900427,61.6168255011502,36.42786723628,25.7311863292803,39.4019060138022
1,5,0.649244891090767,0.268987211008037,0.00331094205248772,0.842424242424242,-0.346109279774834,0.628199490767372,0.219757312539215,0.00328159750372628,0.783333333333333,-0.0652831145717081,0.708360609121821,0.347037740629543,0.00510011058536934,0.948332648140901,-0.173470151523639,0.718543698531675,0.353093509377253,0.00561915635757931,0.948332648140901,-0.211057700275151,0.777828372402049,0.394745813211776,0.00861412664425028,0.984806980761705,-0.545632337050053,0.678550301809771,0.325271661416304,0.00433879955042844,0.85106776115209,-0.148144316012582,0.894390116505292,0.664105072811108,0.0837037777374263,0.911858315520097,-0.661556815462277,60.4815864022663,29.0368271954674,34.985835694051,18.3191690273843,32.4677368586717
2,1,0.790370545060902,0.470753126940477,0.0324352361709399,0.883333333333333,-0.325645841908604,0.776517061054581,0.462294755654023,0.0472065850414905,0.766666666666667,-0.141342524138006,0.864042762799667,0.581823754722955,0.0620411864949048,0.924016426393698,-0.347560029587867,0.88506843100898,0.627616890202434,0.0677697785660179,0.915151515151515,-0.347751276826652,0.903717999479294,0.659237663342658,0.076354215458463,0.960490759014502,-0.659052925107181,0.852828183608723,0.594468905125492,0.0659807811591151,0.793939393939394,-0.0206013611470693,0.901221163574553,0.656249361823789,0.112464432336624,0.975627893310567,-0.615533530998649,65.0110537951363,27.1923360353721,32.2328666175387,31.864406779661,39.9115696389094
2,2,0.78693779572132,0.495835477322718,0.0146394942480608,0.883333333333333,-0.349747566414214,0.764715934757382,0.444784027231964,0.0267159384040041,0.854545454545454,-0.134036584860746,0.80565977071722,0.478656232270857,0.0280486026890962,0.9422535927041,-0.320717953438319,0.832168196831105,0.555820059447407,0.0290962604323935,0.966268204187762,-0.353849578641158,0.847046776350965,0.606690566258225,0.0319452052862412,0.796432870569884,-0.570291617233139,0.804379110098332,0.495493381434089,0.0405406359700262,0.910877033247062,-0.140269097100549,0.895282109424584,0.665559411548104,0.0887248316912652,0.924016426393698,-0.643073033722881,60.828534868842,59.8688419705694,29.0307101727447,25.0159948816379,34.4529750479846
2,3,0.784453407407227,0.460190260976525,0.0330354386440711,0.8,-0.328363973897483,0.735872324766198,0.423847922808665,0.0299108807528062,0.587878787878788,-0.0817499940487564,0.860350713598524,0.570203240725476,0.0644911924908554,0.975757575757576,-0.331086282133647,0.876933288870114,0.594473018283249,0.10525891044582,0.984806980761705,-0.368217974144697,0.905016738985783,0.64378426251356,0.101286368041009,0.936174537267299,-0.623561645093706,0.861349033835935,0.554632926547987,0.0964104299103794,0.987878787878788,-0.202871441886328,0.91493087110011,0.701103576508195,0.089538685997491,0.85282493560439,-0.642164585627681,54.6319332650373,59.2858188204303,34.0992243524074,33.8943363090882,39.1775208546758
2,4,0.784135032456849,0.456905039678979,0.0085258654731436,0.920510149631295,-0.387227896864604,0.816693696234664,0.542576377225933,0.0315383451234291,0.736408119705036,-0.0487895628537666,0.864035076473379,0.637019397187216,0.0546933577402766,0.741644763289679,-0.185545548277941,0.881817754473233,0.64900855971932,0.0573919098611404,0.806249265914629,-0.197879095800111,0.910813109233642,0.699063687217685,0.0448294970167087,0.984731927834662,-0.545524088308103,0.863015110917381,0.625030234655111,0.0469779982851289,0.828283210838796,0.00135584070875138,0.882744841515303,0.610809646430611,0.0612127905795471,0.948332648140901,-0.558103130131224,57.7390732829445,26.0105159382189,27.6536312849162,20.8018402891883,38.9254025632599
2,5,0.649244891090767,0.268987211008037,0.00331094205248772,0.842424242424242,-0.346109279774834,0.616387805710843,0.206683148129823,0.00305194560921293,0.76969696969697,-0.0605413907677432,0.70899592657394,0.336504574176915,0.00579099620735637,0.878787878787879,-0.19546129110296,0.718684517718751,0.382242809250353,0.0068605678538801,0.939393939393939,-0.207113372322791,0.781109622571956,0.439531208032892,0.0126695325941781,0.948332648140901,-0.537606987216152,0.689303532223671,0.31522674063933,0.00710001770311322,0.963636363636364,-0.0864990722106204,0.894850456184252,0.6530087135156,0.0906363101422345,0.890260452645892,-0.574526692081072,58.9864652187598,62.2442555870318,35.9301227573182,20.1920050361977,33.9313818067359
3,1,0.790370545060902,0.470753126940477,0.0324352361709399,0.883333333333333,-0.325645841908604,0.767523307362942,0.454667638843513,0.0475284207654847,0.666666666666667,-0.171955151533649,0.869163170652375,0.596428404007273,0.0639724496542061,0.893621149209695,-0.357126334060501,0.876102046836134,0.61722072813738,0.067069698280533,0.920748824311847,-0.342934888728357,0.899633017664338,0.646808151573044,0.0758871900657578,0.960490759014502,-0.65064663827385,0.840591087850025,0.567778395605299,0.0567566403789977,0.772040040473682,0.03632243692704,0.881417085285234,0.639660204320889,0.115480075983118,0.948332648140901,-0.598132796098527,66.7354458364038,29.7273397199705,39.0714812085483,37.3913043478261,45.5563743551953
3,2,0.78693779572132,0.495835477322718,0.0146394942480608,0.883333333333333,-0.349747566414214,0.75945114500028,0.439319917143056,0.0289852333104249,0.745454545454545,-0.122772799256442,0.80978109946917,0.468874928612222,0.0263590985962845,0.893621149209695,-0.318917852823836,0.829738028057517,0.539771709895147,0.0287593937152475,0.903030303030303,-0.331019277191863,0.843693042919369,0.596897953644594,0.0225990046422139,0.756111617315689,-0.566505817357906,0.798775208760168,0.497054959636455,0.0384412138345392,0.806249265914629,-0.0216275507405799,0.908675332542099,0.682602239419364,0.0960468689003219,0.884162778312701,-0.576158604861638,59.4529750479846,62.108125399872,29.7984644913628,27.2552783109405,34.1170825335893
3,3,0.784453407407227,0.460190260976525,0.0330354386440711,0.8,-0.328363973897483,0.729111820644167,0.431011015268336,0.031713650579427,0.442424242424242,-0.0725906024295163,0.865391919156603,0.586350145785218,0.051698279403556,0.948332648140901,-0.311450310847506,0.877333848776225,0.611628238215753,0.0856103376883862,0.951515151515151,-0.355235659890693,0.901915156536274,0.643542547236454,0.0940941667432315,0.932944172978229,-0.591117694719196,0.870607385423308,0.596193128219813,0.0761905202551588,0.917937370956898,-0.129727738333377,0.899393611763123,0.669391071258636,0.0777301897643586,0.892413309600162,-0.600955419484685,58.7942639742464,54.7117354404448,36.5086333040679,29.5873573309921,37.8694761486684
3,4,0.784135032456849,0.456905039678979,0.0085258654731436,0.920510149631295,-0.387227896864604,0.8081491476605,0.520517258325748,0.010759964898413,0.75,-0.0636715106382594,0.864003666619659,0.615844668658094,0.0377252646328448,0.875383982899293,-0.213297472821676,0.876172955047585,0.635983726704358,0.0409383800757774,0.832830594841689,-0.228446164809189,0.911135968342286,0.700029486801451,0.0459475915123493,0.887933667262626,-0.546007533687306,0.863690102263646,0.620007222129631,0.0460712973384039,0.790277206784084,-0.0925336263089017,0.898590789361596,0.647707005381597,0.0744592682209729,0.9422535927041,-0.573825262530789,59.4807755504437,31.7614196516596,34.5382845875781,23.5129806112389,41.2750575090371
3,5,0.649244891090767,0.268987211008037,0.00331094205248772,0.842424242424242,-0.346109279774834,0.622786991134372,0.223296821836,0.00317013977789326,0.890909090909091,-0.068561401037703,0.698499935842996,0.324555060302147,0.00506809711754271,0.890909090909091,-0.184579376208249,0.714712696236159,0.363976548983873,0.00507956246773581,0.890909090909091,-0.211759097706576,0.775951440216003,0.413100968988244,0.00923679537450289,0.927272727272727,-0.562949407223017,0.678855931097552,0.334778859505948,0.00430526327004517,0.842424242424242,-0.161506149105827,0.892852637722583,0.659608472739551,0.0628357883838466,0.953959055089829,-0.674418351914037,59.9464903997482,64.7151400692477,37.2678627636135,23.0406043437205,36.1347182876928
4,1,0.790370545060902,0.470753126940477,0.0324352361709399,0.883333333333333,-0.325645841908604,0.761696268297731,0.456928815451554,0.047470740235298,0.75,-0.1507216965911,0.864939213705097,0.585592093923246,0.0561668891390443,0.975757575757576,-0.350587313300053,0.876722530775383,0.614062884264077,0.0634744369723155,0.987878787878788,-0.369438253850072,0.902983890568082,0.658001888100137,0.0717976599798998,0.871967429646319,-0.642542287625931,0.846757956091936,0.586693942429533,0.0564564823175404,0.899700204646496,0.0301590866926676,0.900108557426879,0.655223335366631,0.0621470560891768,0.889637522752781,-0.598036637624029,64.4509948415623,24.0972733971997,38.0397936624908,36.0353721444363,42.9034635224761
4,2,0.78693779572132,0.495835477322718,0.0146394942480608,0.883333333333333,-0.349747566414214,0.758013572630821,0.432013389802715,0.0198586602974897,0.668696098048071,-0.11335066224583,0.803633504412692,0.471600386766261,0.023345081783733,0.960490759014502,-0.301683177943923,0.828709227290519,0.543379266538875,0.0282296981804914,0.926450109901172,-0.334737423815105,0.833304982411434,0.572657208610638,0.0231339496133177,0.790277206784084,-0.573247306057687,0.801089460745047,0.508722973953592,0.0268747853919478,0.553911709406997,-0.0990838528599273,0.913705998210143,0.714793892774616,0.118265221708414,0.908553475645465,-0.565036711052905,60.956493921945,63.4197056941779,33.9571337172105,29.2386436340371,37.1241202815099
4,3,0.784453407407227,0.460190260976525,0.0330354386440711,0.8,-0.328363973897483,0.73702447387465,0.432620557246284,0.0281011692454466,0.733333333333333,-0.0977495701114548,0.859961771072988,0.580154652045437,0.0613405013585185,0.975757575757576,-0.320405455925239,0.878459148827349,0.609760163419295,0.0850121599143125,0.978727925324904,-0.351495725180802,0.901578068096733,0.631580185779249,0.0873832270195313,0.901908385135578,-0.593226576518743,0.85849639525589,0.586700289947691,0.084375714479331,0.853674406646746,-0.221429956931987,0.904717752448238,0.63491963734782,0.0889193884031173,0.912945883241855,-0.645637901091982,53.3294307039368,56.1100541489829,39.4263134787063,34.4504609980975,41.1532269866823
4,4,0.784135032456849,0.456905039678979,0.0085258654731436,0.920510149631295,-0.387227896864604,0.812194288107417,0.513684439943078,0.0217097619891647,0.853563956930838,-0.0496646351749114,0.865972337961479,0.651005115319034,0.0447084435558279,0.717845449393623,-0.183948482948896,0.882505352495481,0.654010204997372,0.0577105481896999,0.640255804985059,-0.228114032150542,0.915713901103832,0.684031614979295,0.0480560268035601,0.96922336919512,-0.520859350385017,0.885862360738965,0.64801562373132,0.0521057786910446,0.890260452645892,-0.222560379817568,0.902199782643125,0.657256606720587,0.100186080079587,0.926450109901172,-0.574654912617324,57.3447255997371,24.9589221163326,32.5994084784752,17.6634899769964,34.2425238251725
4,5,0.649244891090767,0.268987211008037,0.00331094205248772,0.842424242424242,-0.346109279774834,0.626769890574249,0.227281896089576,0.00374508833366641,0.915151515151515,-0.0757746804430899,0.702307626854165,0.334062258391791,0.0050228524354425,0.947804480540862,-0.224125457702747,0.721153678860485,0.362723312589235,0.00590063701162597,0.960490759014502,-0.240589779744357,0.783097742108417,0.426019090514659,0.0109153268419673,0.927272727272727,-0.566817290609207,0.698671814088226,0.336781319220242,0.0048933698987198,0.903030303030303,-0.164346051373047,0.884592762793755,0.630167439618552,0.0632439897890602,0.927272727272727,-0.623576835338309,58.3726786276361,64.6521875983633,33.4907145105445,18.9486937362292,34.5136921624174
5,1,0.790370545060902,0.470753126940477,0.0324352361709399,0.883333333333333,-0.325645841908604,0.773913891671517,0.432053276445121,0.0382451591258789,0.83030303030303,-0.145857952400251,0.858494539438431,0.560145220719483,0.0577895941422043,0.903030303030303,-0.351123337077284,0.875942120860045,0.609817976473032,0.0610097269549763,0.939393939393939,-0.376870044284115,0.891159393009702,0.62363291236922,0.075750152942386,0.903030303030303,-0.632736104150423,0.840503894837582,0.585569448260791,0.0611546919758597,0.903030303030303,-0.0654321611168894,0.906033343702908,0.649478940512375,0.110244516774567,0.963262697049563,-0.621633888474467,59.3367722918202,53.6919675755343,29.2851879145173,29.2851879145173,37.3323507737657
5,2,0.78693779572132,0.495835477322718,0.0146394942480608,0.883333333333333,-0.349747566414214,0.761191231915881,0.43229234402595,0.0282302672476046,0.915151515151515,-0.137622719086223,0.813095015955051,0.48242965358786,0.0300014361892355,0.889637522752781,-0.317308346162561,0.829057134725466,0.541167423424239,0.0459952584793818,0.810990686314409,-0.324174171535058,0.840233916309963,0.59687062367002,0.0316821591008316,0.819606358482957,-0.575329799380604,0.804725368310675,0.503724415845354,0.0405301889533507,0.828283210838796,-0.0975304559116637,0.869818830857389,0.626617202011935,0.101583032106388,0.790277206784084,-0.615105901297128,60.8445297504799,61.1164427383237,30.7101727447217,27.1753039027511,35.7805502239283
5,3,0.784453407407227,0.460190260976525,0.0330354386440711,0.8,-0.328363973897483,0.738890704642445,0.420040519948223,0.030782205539509,0.721212121212121,-0.0966286464138545,0.867645506585285,0.588420399884254,0.0615893316865153,0.939393939393939,-0.307987046266307,0.87748339950077,0.594620983143144,0.103084154121504,0.857146816588891,-0.328865655660299,0.895103757223153,0.623753243001008,0.107598081534587,0.948332648140901,-0.594001461285722,0.860801799889993,0.578523203006976,0.0888967829425677,0.939393939393939,-0.168343511565346,0.900650775765593,0.637399569903257,0.0825869436217953,0.906692829247047,-0.599065094582442,58.4077272062052,59.8419435094395,38.4165081223474,31.0405385628567,40.1726913507976
5,4,0.784135032456849,0.456905039678979,0.0085258654731436,0.920510149631295,-0.387227896864604,0.813215749370735,0.518576684914296,0.027479741623437,0.939393939393939,-0.0649336542755091,0.872219800600847,0.638033700422644,0.0521227272674421,0.810990686314409,-0.180848997847564,0.881904932842741,0.650022862954748,0.0811650103932653,0.765960985036881,-0.248177802491317,0.909496673119575,0.727040037948231,0.0505828398431358,0.819150073319746,-0.500477238415368,0.867218048486558,0.645987017260462,0.0553577316133571,0.83030303030303,-0.0749307394350201,0.910245394160258,0.686159219550706,0.0855806288202397,0.893621149209695,-0.63971556506075,55.8330594807756,53.7463029904699,30.2168912257641,22.4942490962866,41.6858363457115
5,5,0.649244891090767,0.268987211008037,0.00331094205248772,0.842424242424242,-0.346109279774834,0.623741190645256,0.213331825462501,0.00321524036427533,0.733333333333333,-0.063746678490714,0.702086339560187,0.341485984956814,0.00687292978714526,0.818181818181818,-0.162616602450254,0.721314886925999,0.36475839450903,0.00965732872558463,0.896358126979083,-0.198699126598394,0.787081660992215,0.465945679678215,0.0103804033284634,0.935495331442929,-0.550683907958095,0.682603271028546,0.308625365504627,0.0128090962803535,0.936174537267299,-0.109590697791262,0.875904108717151,0.606731173973436,0.0596479993218629,0.966569814451303,-0.555294544401204,62.5118035882909,35.8199559332704,37.472458293988,23.2609379918162,37.3622914699402
6,1,0.790370545060902,0.470753126940477,0.0324352361709399,0.883333333333333,-0.325645841908604,0.766173979268401,0.440459649251864,0.0417224405088646,0.883333333333333,-0.147460033159238,0.861219158807396,0.575687285037492,0.0633387292617778,0.987878787878788,-0.357949738210816,0.875653605023587,0.597135395819495,0.0565608905273436,0.903030303030303,-0.365750735263081,0.904710369910405,0.664130496711691,0.0710975060758338,0.960490759014502,-0.655079139126882,0.852923057395215,0.613943742116389,0.0551823519202823,0.878787878787879,0.0291304324119567,0.899292195845846,0.652648403183503,0.0848163157161486,0.981725567643758,-0.624561752956623,64.3920412675018,27.0891672807664,28.0324244657332,27.1481208548268,36.5659543109801
6,2,0.78693779572132,0.495835477322718,0.0146394942480608,0.883333333333333,-0.349747566414214,0.7616750038796,0.429890133502214,0.0307032391613181,0.806060606060606,-0.132934791358358,0.80993793268533,0.484498249939214,0.0301984344383687,0.83030303030303,-0.319562435889088,0.836648820507408,0.566428801646584,0.0348451295632815,0.859772080979937,-0.336366444385687,0.845190222905786,0.607115594483492,0.0303295979605606,0.693303724628029,-0.558542774522143,0.806391711415573,0.513887396735105,0.0421702386284298,0.670744176651015,-0.0879674418730971,0.918399677479377,0.663281399243317,0.110724266314827,0.984731927834662,-0.586073822122554,59.7728726807422,59.3730006397953,31.8937939859245,26.5355086372361,32.7735124760077
6,3,0.784453407407227,0.460190260976525,0.0330354386440711,0.8,-0.328363973897483,0.742456724150941,0.420177715680727,0.0308283759859911,0.793939393939394,-0.0730661268356921,0.86896033590236,0.58317841648538,0.0688343580972607,0.915151515151515,-0.345796060943592,0.882615036224468,0.613673634808416,0.101899573460239,0.847576732313555,-0.36122402902472,0.903319937571516,0.628847261539987,0.103009620215083,0.920748824311847,-0.588164610429619,0.866811341779427,0.573281219608103,0.103048460948639,0.966569814451303,-0.203971509890081,0.866591780694803,0.628887222947341,0.0861023844628471,0.837955754568397,-0.586698989009175,54.2514268988731,54.9831699107274,36.0017561832285,36.8359432167423,44.1533733352847
6,4,0.784135032456849,0.456905039678979,0.0085258654731436,0.920510149631295,-0.387227896864604,0.803837450801913,0.516766879057106,0.0294938812196533,0.854545454545454,-0.0648186271670449,0.86345965650013,0.627944086186929,0.0289075500683982,0.781818181818182,-0.197403734330207,0.882370525164207,0.649040610590463,0.028106056865238,0.820672483968087,-0.246423373657234,0.911528912022495,0.703061712884023,0.0416372309416377,0.855485862306363,-0.559294687766611,0.875005662320569,0.650928620573241,0.0444966058866521,0.75380287416328,-0.152732101500435,0.900080321358453,0.661501699070554,0.0750601444418711,0.966569814451303,-0.630961525720972,53.9510432068342,50.9282076556596,36.8161655988172,21.1927057663874,37.7361590274355
6,5,0.649244891090767,0.268987211008037,0.00331094205248772,0.842424242424242,-0.346109279774834,0.624371478840694,0.207652571336608,0.00335392681555019,0.36969696969697,-0.0539905698406065,0.704545442188559,0.307045907054987,0.00779705809548118,0.954411703577701,-0.203392847272096,0.713493917046081,0.357480924165334,0.00637345211500245,0.951515151515151,-0.212863248789411,0.778954789972804,0.438033848800427,0.00859290824274864,0.936174537267299,-0.54421942577159,0.668851652151598,0.287649015516208,0.00578356321708637,0.866666666666667,0.0143737838318506,0.876418537719887,0.652243805629895,0.0684157638457176,0.609302880347697,-0.55576422307396,65.0613786591124,62.6219704123387,35.2061693421467,19.9559332703809,33.0657853320743
7,1,0.790370545060902,0.470753126940477,0.0324352361709399,0.883333333333333,-0.325645841908604,0.775051367430201,0.458329024166672,0.0434759136113692,0.766666666666667,-0.161931261216373,0.867912863241114,0.58987443196529,0.0700360044598874,0.939393939393939,-0.368204456394825,0.879314810046885,0.622113561506413,0.0677385732942118,0.878787878787879,-0.373742223332935,0.899379335760891,0.645453234182834,0.0666733726252185,0.938720972283969,-0.640338377578593,0.857009842208774,0.61767465106568,0.0652197265180892,0.733333333333333,-0.0775153947198971,0.902864272080484,0.669093106974104,0.0834522858301923,0.984806980761705,-0.54595965072193,63.728813559322,23.994104642594,33.4119380987472,32.822402358143,37.8187177597642
7,2,0.78693779572132,0.495835477322718,0.0146394942480608,0.883333333333333,-0.349747566414214,0.75521656962955,0.43348543877803,0.0251882430057012,0.781818181818182,-0.133078215443255,0.810845790461399,0.493865834327579,0.0236982628279837,0.911858315520097,-0.310700021561879,0.832686052728631,0.530172291929364,0.0294842218494839,0.881680613267819,-0.336130925920349,0.850230168647933,0.609300107623555,0.0316740515888742,0.76421105019586,-0.569296047810488,0.820132955614237,0.519927321115892,0.0582785733556837,0.8170883606476,-0.169307722425498,0.868861165395828,0.609079974331993,0.0627949833365056,0.826751539404888,-0.620766140479038,61.1484325015995,61.2603966730646,31.4939219449776,28.5668586052463,35.2687140115163
7,3,0.784453407407227,0.460190260976525,0.0330354386440711,0.8,-0.328363973897483,0.737790815306294,0.427995659599095,0.0448286220806291,0.660606060606061,-0.078641168159746,0.866417235973636,0.585135152179941,0.0659826679632403,0.975757575757576,-0.322766677005657,0.873031287339275,0.60527460057786,0.105279308129659,0.930095481830499,-0.358014465927733,0.901756570071282,0.619321894602255,0.0920846460605726,0.966569814451303,-0.603206020196907,0.863983228780596,0.567519441409788,0.0790645772407476,0.960490759014502,-0.115760487365147,0.904736085028708,0.66643798035248,0.0599612179791673,0.957334870310994,-0.558987362176811,55.7295477828187,57.5442704522172,39.6604712424996,35.5334406556417,44.2411824967072
7,4,0.784135032456849,0.456905039678979,0.0085258654731436,0.920510149631295,-0.387227896864604,0.805214142553728,0.539861668440148,0.0287165859978566,0.76969696969697,-0.0643590939754669,0.856056973628543,0.616964312423345,0.0293123612678463,0.729486652416078,-0.215487232991636,0.880258159083431,0.655013824609086,0.0324832943251713,0.963636363636364,-0.227340495906935,0.907483344230629,0.70203672602488,0.0441470275869466,0.867940834616127,-0.525275413136714,0.871131246180605,0.614978440447345,0.0267510513841229,0.857146816588891,0.021529363866053,0.893478083375221,0.652256090941518,0.091287686271173,0.99392091631014,-0.637362121069568,58.5606309562931,59.858692080184,37.5287545185672,25.6325994084785,41.4065067367729
7,5,0.649244891090767,0.268987211008037,0.00331094205248772,0.842424242424242,-0.346109279774834,0.612981843567825,0.205347540666298,0.00316838994894909,0.793939393939394,-0.0700950379983391,0.713762030797537,0.358962515998473,0.00544100328374834,0.85106776115209,-0.212839089022118,0.715119998064416,0.353948483013074,0.00548903139582173,0.984806980761705,-0.232031411158089,0.785214039727322,0.434134679688001,0.0125640250952924,0.903030303030303,-0.578044970818281,0.670974610137459,0.291702324549623,0.00496011200333391,0.938720972283969,-0.0290656412841482,0.911186366851359,0.687929637880404,0.10628381167504,0.954168596442846,-0.595302833895321,63.5662574756059,65.3604028958137,33.7740006295247,21.403840100724,37.0003147623544
8,1,0.790370545060902,0.470753126940477,0.0324352361709399,0.883333333333333,-0.325645841908604,0.763582024536647,0.413869963413552,0.0368524562642069,0.833333333333333,-0.159989175849781,0.865674837135136,0.582590822448631,0.0616524416676392,0.939393939393939,-0.377248954433978,0.878486873088371,0.619626288873552,0.0605755820125957,0.963636363636364,-0.342463666210427,0.898551975761929,0.657249604963006,0.0789022721988111,0.9422535927041,-0.636990392389671,0.834735056567278,0.556115951561361,0.0609231121502516,0.820672483968087,0.0770510470710379,0.899202599887225,0.665430673949311,0.0732432540294791,0.914179247518375,-0.607577583955613,69.7496318114875,27.0692194403535,39.779086892489,37.6141384388807,42.9455081001473
8,2,0.78693779572132,0.495835477322718,0.0146394942480608,0.883333333333333,-0.349747566414214,0.74820030546744,0.405189490965087,0.0294460108437472,0.866666666666667,-0.14012556242187,0.809162798061645,0.486125797045724,0.0245019703794284,0.792697663314836,-0.294332010681581,0.828346712455369,0.517329088705558,0.0316350017598578,0.841479057980364,-0.32280941279355,0.839174958329642,0.587050681081815,0.0303001635434352,0.794137857340517,-0.570568741791111,0.803663583091604,0.491226135748926,0.0369981341176078,0.818558415012563,-0.0496659274135635,0.889876564722137,0.655948163670297,0.0700986542135334,0.936174537267299,-0.621869030380856,62.7479206653871,65.4830454254639,33.7012156110045,29.1586692258477,38.3557261676264
8,3,0.784453407407227,0.460190260976525,0.0330354386440711,0.8,-0.328363973897483,0.732653093288009,0.440972605626515,0.0307277310349542,0.587878787878788,-0.0790897659988691,0.866741748137697,0.582126066208153,0.073077589726332,0.960490759014502,-0.325628804747576,0.880141640579193,0.607966071052785,0.0928685958396871,0.818181818181818,-0.363198327530622,0.900247380133158,0.644762630360841,0.096027242342502,0.951237195977802,-0.617578023768106,0.868621809120463,0.610516583976733,0.088064258177819,0.951515151515151,-0.237213701013696,0.891843065891947,0.654857198275792,0.0820752569167027,0.820672483968087,-0.560512791921452,51.0024879262403,53.1099078003805,31.5966632518659,28.1135665154398,37.3335284648032
8,4,0.784135032456849,0.456905039678979,0.0085258654731436,0.920510149631295,-0.387227896864604,0.804695773131114,0.530648111349,0.0118812396213703,0.781818181818182,-0.0695084124743298,0.859877437468751,0.621987324948826,0.0311928937146231,0.810990686314409,-0.216182268307431,0.883505767020081,0.659049670303372,0.0505020591959394,0.896358126979083,-0.242718358076658,0.909470391405238,0.683983111327633,0.0419278810787246,0.94193566571922,-0.540997753806029,0.880537108498609,0.657893915889967,0.05942101074608,0.76220929164888,-0.146591559794323,0.894211440625388,0.664385073873288,0.129295025513705,0.917937370956898,-0.584325609301061,56.5231679263884,56.5395990798554,31.6135392704568,18.8136707196845,36.411436082813
8,5,0.649244891090767,0.268987211008037,0.00331094205248772,0.842424242424242,-0.346109279774834,0.615214833534322,0.204673076567579,0.00369053748859122,0.721212121212121,-0.0847785286984104,0.698245006899597,0.321739220264044,0.00520891600004503,0.936174537267299,-0.213244796050971,0.710420497510382,0.345588771001904,0.00551663228055868,0.939393939393939,-0.199315230957944,0.778139642612865,0.437512980919272,0.0122599725123164,0.890260452645892,-0.536540236916607,0.678559476805068,0.311986811929723,0.00578583240929243,0.890909090909091,-0.0319199175432429,0.891947401290405,0.656804458340295,0.0798393333839134,0.975627893310567,-0.639211974549126,59.0651558073655,62.9682090022033,33.3175952156122,21.1362920994649,35.3163361661945
9,1,0.790370545060902,0.470753126940477,0.0324352361709399,0.883333333333333,-0.325645841908604,0.773755660514114,0.47199084942149,0.0353457889555553,0.757575757575757,-0.167670818572802,0.869930418677912,0.59376191331327,0.0550543425144143,0.975627893310567,-0.343787673780522,0.885199653247309,0.636627628140914,0.0672657953871557,0.905779260083296,-0.362732699580924,0.906889834621756,0.669775613217855,0.0840551062167339,0.930095481830499,-0.659556883992462,0.860041115580144,0.616468445000249,0.0627574851026936,0.83030303030303,-0.0464603717138139,0.878464123763579,0.612755363209084,0.0772461367174376,0.945139521644611,-0.596190713647065,63.0508474576271,55.6374355195284,32.9108327192336,29.1230655858511,37.243920412675
9,2,0.78693779572132,0.495835477322718,0.0146394942480608,0.883333333333333,-0.349747566414214,0.772724873858031,0.462145157976677,0.0297094762105147,0.733333333333333,-0.130444565082175,0.8186048330704,0.486655433104704,0.0282739416056665,0.826751539404888,-0.315036358892103,0.83817293779635,0.562423546752163,0.0419734682366066,0.887542093772894,-0.342964468933449,0.843803069627351,0.588071314270205,0.0316391531272967,0.801489638010292,-0.564693174239976,0.800173592459189,0.511257122285615,0.0410724928912251,0.806249265914629,-0.0623958364767385,0.902942041920679,0.67985319093603,0.0820450763375508,0.920748824311847,-0.642872796796173,61.9961612284069,62.7159309021113,31.3499680102367,27.9750479846449,36.2603966730646
9,3,0.784453407407227,0.460190260976525,0.0330354386440711,0.8,-0.328363973897483,0.734740349331315,0.428423105443108,0.0297316563338132,0.624242424242424,-0.0814137231859475,0.86780708037671,0.570050186346473,0.0770545411566503,0.975757575757576,-0.33578977005479,0.877947135828865,0.608540080294909,0.09347968519706,0.83030303030303,-0.3602931946218,0.899571027300254,0.622829089596411,0.100856164545769,0.932944172978229,-0.604481856969453,0.85852110523997,0.564510355438,0.0939138077309387,0.915151515151515,-0.211197517592937,0.911267550413007,0.695207683836645,0.113548045924254,0.853674406646746,-0.589008286552846,56.0076101273233,57.0174154836821,39.4263134787063,37.992097175472,45.9534611444461
9,4,0.784135032456849,0.456905039678979,0.0085258654731436,0.920510149631295,-0.387227896864604,0.810589287316829,0.528969073046072,0.0199530242885366,0.842424242424242,-0.0707617733122484,0.871395559031295,0.641549680986996,0.0392220826395932,0.865869755313128,-0.206744091949628,0.882128968432029,0.638033700422644,0.0344959775195832,0.780502314648453,-0.220142767938368,0.91358753947599,0.728032973936232,0.0554235813481351,0.80298537814383,-0.552851287242789,0.873908240492643,0.636005093951787,0.0480255266192958,0.911858315520097,-0.0581540309653532,0.896625070313311,0.659351970684128,0.0780188255809704,0.92358626963378,-0.579920851837879,58.1334209661518,57.9198159710812,31.5313835031219,21.7384160368058,40.2070325336839
9,5,0.649244891090767,0.268987211008037,0.00331094205248772,0.842424242424242,-0.346109279774834,0.624169357092448,0.216603832674183,0.00339828761449043,0.866666666666667,-0.0676360063586097,0.702878243598708,0.33453473666812,0.00522173360337824,0.936174537267299,-0.193754276911121,0.723294103318874,0.346337994321561,0.00607127722945067,0.869304927462492,-0.212333520951242,0.781149176996126,0.419694460423284,0.0177913484460219,0.987878787878788,-0.565027874657779,0.681493232523469,0.333647140826799,0.00880014675990592,0.915151515151515,-0.168453007904503,0.906005738213399,0.689677601809955,0.0587576228949417,0.893003942824715,-0.627617103052634,58.9864652187598,65.2030217186025,33.5851432168713,20.0818382121498,34.6868114573497
10,1,0.790370545060902,0.470753126940477,0.0324352361709399,0.883333333333333,-0.325645841908604,0.770468181041253,0.466934520139134,0.047175938991905,0.766666666666667,-0.1532000501972,0.860335761611852,0.572313802531266,0.0619315421491486,0.927272727272727,-0.345939677537043,0.879390391748325,0.624734760875507,0.0648741265890558,0.951515151515151,-0.325360161254504,0.899945729742049,0.665814281047095,0.0736470853657191,0.93904184731142,-0.624332094116945,0.857111711629846,0.622448342287024,0.0642794237705915,0.810990686314409,-0.0394003157956314,0.902808583093353,0.645766444868395,0.0759330326219515,0.85282493560439,-0.576745722218709,62.9771554900516,31.2306558585114,30.3610906411201,25.8216654384672,35.1363301400147
10,2,0.78693779572132,0.495835477322718,0.0146394942480608,0.883333333333333,-0.349747566414214,0.76447734722073,0.424156493319235,0.0221637420099327,0.963636363636364,-0.127132954186666,0.818567293622566,0.493656618660153,0.0290636439759483,0.878787878787879,-0.280319110271544,0.834861063205121,0.536362059963849,0.038606437396032,0.866666666666667,-0.321444112012729,0.847180363381855,0.590862741328388,0.0351614308656046,0.737818594316116,-0.559842995246335,0.826390263241059,0.527149031293763,0.0408012885516198,0.863225872025692,-0.162112162462758,0.898542474078053,0.667292583624433,0.0894640437023644,0.914179247518375,-0.607623847556583,63.6116442738324,64.171465131158,30.6461932181702,26.8234165067178,34.1170825335893
10,3,0.784453407407227,0.460190260976525,0.0330354386440711,0.8,-0.328363973897483,0.735550062317105,0.433965886797441,0.0445871944996118,0.418181818181818,-0.0755976760499616,0.866922794871801,0.572980790458376,0.0778298757842574,0.966569814451303,-0.319335645153647,0.873762702868047,0.584358963635238,0.0920226472127614,0.960490759014502,-0.357027587018869,0.897004286924074,0.625966372440829,0.106082623163739,0.901908385135578,-0.597478334272368,0.868718473102961,0.585425992380621,0.0949136006148238,0.951515151515151,-0.184676915304427,0.909661866395991,0.696332832864584,0.0682981378443901,0.906692829247047,-0.632763422591825,54.7197424264598,52.9050197570613,37.1432752817211,28.157471096151,37.2896238840919
10,4,0.784135032456849,0.456905039678979,0.0085258654731436,0.920510149631295,-0.387227896864604,0.812770242261851,0.527510544736606,0.0272173740499179,0.857146816588891,-0.0730370819278129,0.863575466981193,0.629999829062021,0.0242283646394903,0.75380287416328,-0.198337224005148,0.876812369926881,0.642010358841553,0.0338365577437319,0.875383982899293,-0.297269423798505,0.907768703820036,0.691019132233348,0.0507346659956499,0.840554073221593,-0.567892374885489,0.882197236787563,0.664019264710281,0.0336788962512952,0.826751539404888,-0.215702374706836,0.890711505358001,0.648387021362335,0.0972852058655885,0.948052131081033,-0.608233540112379,58.1169898126849,55.2251068024975,33.6674334538285,20.35819914558,35.9349326322708
10,5,0.649244891090767,0.268987211008037,0.00331094205248772,0.842424242424242,-0.346109279774834,0.614593516445398,0.204968579379069,0.00320296702171264,0.684848484848485,-0.0906700358288156,0.700463860577043,0.317815312645781,0.00567102104830303,0.924016426393698,-0.188038141371981,0.721569815869398,0.358368520006655,0.00709089758233666,0.939393939393939,-0.20768313109685,0.774696300859378,0.408396303251673,0.0172819798144236,0.996965091635306,-0.528731247109596,0.683796088380079,0.338311300658207,0.00860476822478347,0.863225872025692,-0.129859805594635,0.896938805401764,0.657220875285111,0.0738409949237802,0.911353338910154,-0.595403902863613,62.5432798237331,66.839785961599,34.7340258105131,20.8372678627636,35.6625747560592
