celda,x,y,era,amb,uni,prospcorr_nacional,incert_nacional
139246,-611728.225434432,699285.457951743,Cenozoico,Transicional,Formación Zorritos,0.987056493759155,0.0173133793434776
139247,-609727.445748622,699285.457951743,Cenozoico,Transicional,Formación Zorritos,0.983052730560303,0.0090960987902906
139936,-623732.903549287,697285.922496513,Cenozoico,Transicional,Formación Zorritos,0.989390313625336,0.0058369271401274
139937,-621732.123863478,697285.922496513,Cenozoico,Transicional,Formación Zorritos,0.985698997974396,0.0125301447831972
139938,-619731.344177668,697285.922496513,Cenozoico,Transicional,Formación Zorritos,0.986242949962616,0.00999571059425844
139939,-617730.564491859,697285.922496513,Cenozoico,Transicional,Formación Zorritos,0.984159469604492,0.0109476978789127
139941,-613729.005120241,697285.922496513,Cenozoico,Transicional,Formación Zorritos,0.982735097408295,0.0130303749890659
140630,-627734.462920905,695286.387041283,Cenozoico,Transicional,Formación Zorritos,0.989318668842316,0.00866529786471523
140631,-625733.683235096,695286.387041283,Cenozoico,Transicional,Formación Zorritos,0.987769067287445,0.00555549901540926
140632,-623732.903549287,695286.387041283,Cenozoico,Transicional,Formación Zorritos,0.981970310211182,0.00479634638996128
140633,-621732.123863478,695286.387041283,Cenozoico,Marino,Formación Heath,0.976104497909546,0.0023182796087055
140634,-619731.344177668,695286.387041283,Cenozoico,Transicional,Formación Zorritos,0.980935335159302,0.0145304969821169
140640,-607726.666062813,695286.387041283,Cenozoico,Transicional,Formación Tumbes,0.941951334476471,0.0171716552990995
141324,-631736.022292524,693286.851586053,Cenozoico,Marino,Formación Heath,0.981240212917328,0.00846018295655167
141325,-629735.242606715,693286.851586053,Cenozoico,Transicional,Formación Zorritos,0.989139497280121,0.00322179807211042
141326,-627734.462920905,693286.851586053,Cenozoico,Transicional,Formación Zorritos,0.987209677696228,0.00270333724714102
141327,-625733.683235096,693286.851586053,Cenozoico,Transicional,Formación Zorritos,0.98852264881134,0.00928448464355852
142018,-635737.581664142,691287.316130823,Cenozoico,Transicional,Formación Zorritos,0.985169649124146,0.00170792711606427
142019,-633736.801978333,691287.316130823,Cenozoico,Transicional,Formación Zorritos,0.990196704864502,0.00272977945786927
142020,-631736.022292524,691287.316130823,Cenozoico,Transicional,Formación Zorritos,0.980075359344482,0.0107863850398873
142021,-629735.242606715,691287.316130823,Cenozoico,Transicional,Formación Zorritos,0.984105885028839,0.0106780395288146
142022,-627734.462920905,691287.316130823,Cenozoico,Marino,Formación Heath,0.968696355819702,0.00856899032188866
142712,-639739.141035761,689287.780675593,Cenozoico,Transicional,Formación Zorritos,0.988373100757599,0.0101435945159785
142715,-633736.801978333,689287.780675593,Cenozoico,Marino,Formación Heath,0.979588150978088,0.0141661708398572
142716,-631736.022292524,689287.780675593,Cenozoico,Marino,Formación Heath,0.982135415077209,0.0111571929233027
143408,-639739.141035761,687288.245220362,Cenozoico,Marino,Formación Heath,0.978396117687225,0.010960620607919
143409,-637738.361349951,687288.245220362,Cenozoico,Transicional,Formación Zorritos,0.980456471443176,0.0123024119264122
143410,-635737.581664142,687288.245220362,Cenozoico,Transicional,Formación Zorritos,0.98665326833725,0.010159200300734
143412,-631736.022292524,687288.245220362,Cenozoico,Transicional,Formación Zorritos,0.988025724887848,0.00682206595214407
144103,-641739.92072157,685288.709765132,Cenozoico,Transicional,Formación Zorritos,0.985298275947571,0.00686178839554873
144106,-635737.581664142,685288.709765132,Cenozoico,Transicional,Formación Zorritos,0.986179649829865,0.00577399144866759
144107,-633736.801978333,685288.709765132,Cenozoico,Marino,Formación Heath,0.980992376804352,0.00640344752415017
144108,-631736.022292524,685288.709765132,Cenozoico,Marino,Formación Heath,0.977892220020294,0.0172620139555897
144109,-629735.242606715,685288.709765132,Cenozoico,Marino,Formación Heath,0.972206711769104,0.0160418352417043
144110,-627734.462920905,685288.709765132,Cenozoico,Marino,Formación Heath,0.976727426052094,0.00862151454649576
144805,-629735.242606715,683289.174309902,Cenozoico,Marino,Formación Heath,0.977043569087982,0.0153071971707438
144806,-627734.462920905,683289.174309902,Cenozoico,Marino,Formación Heath,0.955301880836487,0.0129586322364623
144816,-607726.666062813,683289.174309902,Cenozoico,Continental,Formación Salinas,0.952405333518982,0.0114785339883548
145498,-635737.581664142,681289.638854672,Cenozoico,Marino,Formación Heath,0.975474119186401,0.00879725930989295
145500,-631736.022292524,681289.638854672,Cenozoico,Marino,Formación Heath,0.979384362697601,0.0180712383571093
145501,-629735.242606715,681289.638854672,Cenozoico,Marino,Formación Heath,0.956459820270538,0.0105869460659309
145502,-627734.462920905,681289.638854672,Cenozoico,Marino,Formación Heath,0.968722283840179,0.0168733633039482
145510,-611728.225434432,681289.638854672,Cenozoico,Marino,Grupo Talara,0.986902952194214,0.00847122958192377
146194,-635737.581664142,679290.103399442,Cenozoico,Marino,Formación Heath,0.975179135799408,0.0133485730194621
146195,-633736.801978333,679290.103399442,Cenozoico,Marino,Formación Heath,0.975662410259247,0.00794600238367646
146196,-631736.022292524,679290.103399442,Cenozoico,Marino,Formación Heath,0.978950798511505,0.00410444345770493
146197,-629735.242606715,679290.103399442,Cenozoico,Marino,Formación Heath,0.971880972385406,0.0162890137422744
146205,-613729.005120241,679290.103399442,Cenozoico,Marino,Grupo Talara,0.976638734340668,0.00844259416764847
146888,-639739.141035761,677290.567944212,Cenozoico,Marino,Formación Heath,0.978901565074921,0.0174353626249135
146889,-637738.361349951,677290.567944212,Cenozoico,Marino,Formación Heath,0.967862904071808,0.00810807956237256
147582,-643740.700407379,675291.032488982,Cenozoico,Marino,Formación Heath,0.97765976190567,0.0147031550791421
148276,-647742.259778998,673291.497033751,Cenozoico,Marino,Formación Heath,0.981489241123199,0.00538855504168051
148277,-645741.480093188,673291.497033751,Cenozoico,Marino,Formación Heath,0.982135415077209,0.0150168897507789
148281,-637738.361349951,673291.497033751,Cenozoico,Marino,Grupo Talara,0.965704679489136,0.0143346650382115
148284,-631736.022292524,673291.497033751,Cenozoico,Marino,Grupo Talara,0.97573858499527,0.00703153198614882
148285,-629735.242606715,673291.497033751,Cenozoico,Marino,Grupo Talara,0.982227027416229,0.00856331265324209
148971,-649743.039464807,671291.961578521,Cenozoico,Marino,Depósito marino,0.9704629778862,0.00980763001912461
148973,-645741.480093188,671291.961578521,Cenozoico,Marino,Grupo Talara,0.985528886318207,0.0112032775934882
148985,-621732.123863478,671291.961578521,Cenozoico,Marino,Grupo Talara,0.968369245529175,0.0129829616813196
149668,-647742.259778998,669292.426123291,Cenozoico,Marino,Grupo Talara,0.984145224094391,0.0126032947585518
149669,-645741.480093188,669292.426123291,Cenozoico,Marino,Grupo Talara,0.982948482036591,0.00933324111151586
150363,-649743.039464807,667292.890668061,Cenozoico,Marino,Grupo Talara,0.983700215816498,0.00812067646686586
150364,-647742.259778998,667292.890668061,Cenozoico,Marino,Grupo Talara,0.980092763900757,0.0170614692253995
150371,-633736.801978333,667292.890668061,Cenozoico,Marino,Grupo Talara,0.955660283565521,0.0161995914594599
150374,-627734.462920905,667292.890668061,Cenozoico,Marino,Grupo Talara,0.975829482078552,0.0132086207486231
151058,-651743.819150616,665293.355212831,Cenozoico,Marino,Grupo Talara,0.984577476978302,0.00856747884960614
151066,-635737.581664142,665293.355212831,Cenozoico,Marino,Grupo Talara,0.954820156097412,0.0142473290571997
151070,-627734.462920905,665293.355212831,Cenozoico,Marino,Grupo Talara,0.979899406433105,0.0148960455608587
151754,-651743.819150616,663293.819757601,Cenozoico,Marino,Grupo Talara,0.984524667263031,0.0121398758711013
151756,-647742.259778998,663293.819757601,Cenozoico,Marino,Grupo Talara,0.978438675403595,0.0082560068197223
151761,-637738.361349951,663293.819757601,Cenozoico,Marino,Grupo Talara,0.984787702560425,0.0171079628218961
151762,-635737.581664142,663293.819757601,Cenozoico,Marino,Grupo Talara,0.959074437618256,0.00964647435970929
152456,-639739.141035761,661294.28430237,Cenozoico,Marino,Grupo Talara,0.983623385429382,0.0131433245930559
153141,-661747.717579662,659294.74884714,Cenozoico,Marino,Grupo Talara,0.98355895280838,0.0147860771789413
153146,-651743.819150616,659294.74884714,Cenozoico,Marino,Formación Heath,0.962978422641754,0.0179135172783831
155922,-667750.05663709,651296.60702622,Cenozoico,Marino,Formación Heath,0.972289681434631,0.0166079596685432
156618,-667750.05663709,649297.07157099,Cenozoico,Marino,Formación Heath,0.977219462394714,0.0116931685705051
157312,-671751.616008708,647297.536115759,Cenozoico,Marino,Depósito marino,0.976868391036987,0.0153243777100867
161482,-683756.294123564,635300.323384378,Cenozoico,Marino,Grupo Talara,0.988101840019226,0.0071818536318719
161483,-681755.514437754,635300.323384378,Cenozoico,Marino,Grupo Talara,0.989248633384705,0.00833686554987454
161484,-679754.734751945,635300.323384378,Cenozoico,Marino,Grupo Talara,0.983866035938263,0.0163316057896572
163567,-689758.633180991,629301.717018688,Cenozoico,Marino,Formación Tablazo Máncora,0.975870490074158,0.00866519464102104
163568,-687757.853495182,629301.717018688,Cenozoico,Marino,Formación Tablazo Máncora,0.965763032436371,0.00859024910327796
163581,-661747.717579662,629301.717018688,Cenozoico,Marino,Grupo Talara,0.962477564811707,0.0149783573632654
163583,-657746.158208044,629301.717018688,Cenozoico,Marino,Grupo Talara,0.951568484306335,0.0181460284801634
164261,-693760.19255261,627302.181563458,Cenozoico,Continental,Depósito aluvial,0.943126261234283,0.00676869763241579
164262,-691759.412866801,627302.181563458,Cenozoico,Marino,Formación Tablazo Máncora,0.964329957962036,0.00647335376691612
164263,-689758.633180991,627302.181563458,Cenozoico,Marino,Formación Tablazo Máncora,0.962973117828369,0.00834275331855566
164276,-663748.497265471,627302.181563458,Cenozoico,Marino,Grupo Talara,0.976820945739746,0.00850397805355483
164277,-661747.717579662,627302.181563458,Cenozoico,Marino,Grupo Talara,0.969211757183075,0.00765887070879384
164279,-657746.158208044,627302.181563458,Cenozoico,Marino,Grupo Talara,0.97260969877243,0.00457039563378586
164960,-687757.853495182,625302.646108228,Cenozoico,Marino,Formación Tablazo Máncora,0.964906454086304,0.0159424274860996
164973,-661747.717579662,625302.646108228,Cenozoico,Marino,Grupo Talara,0.970654308795929,0.0171827665652492
165653,-693760.19255261,623303.110652998,Cenozoico,Transicional,Formación Verdún,0.968616604804993,0.0120285816937136
165654,-691759.412866801,623303.110652998,Cenozoico,Transicional,Formación Verdún,0.962279140949249,0.00660210319737286
165655,-689758.633180991,623303.110652998,Cenozoico,Marino,Formación Tablazo Máncora,0.973095178604126,0.0122575709359903
166349,-693760.19255261,621303.575197767,Cenozoico,Transicional,Formación Verdún,0.984832227230072,0.0109928974902478
166350,-691759.412866801,621303.575197767,Cenozoico,Marino,Formación Tablazo Máncora,0.974187076091766,0.0161177742022969
166364,-663748.497265471,621303.575197767,Cenozoico,Marino,Grupo Talara,0.936896026134491,0.0149986185078765
166366,-659746.937893853,621303.575197767,Cenozoico,Marino,Grupo Talara,0.958185136318207,0.011344485793163
167045,-693760.19255261,619304.039742537,Cenozoico,Continental,Depósito eólico,0.954754292964935,0.00623367975250213
167046,-691759.412866801,619304.039742537,Cenozoico,Marino,Formación Tablazo Máncora,0.975791692733765,0.0171289313999026
167057,-669750.836322899,619304.039742537,Cenozoico,Marino,Grupo Talara,0.966805636882782,0.0119735564084136
167741,-693760.19255261,617304.504287307,Cenozoico,Continental,Depósito eólico,0.954754292964935,0.00508687667680731
168437,-693760.19255261,615304.968832077,Cenozoico,Transicional,Formación Verdún,0.984832227230072,0.00203029542144989
168453,-661747.717579662,615304.968832077,Cenozoico,Marino,Grupo Talara,0.971644580364227,0.0117499447376635
169133,-693760.19255261,613305.433376847,Cenozoico,Transicional,Formación Verdún,0.984832227230072,0.00502609975685785
169136,-687757.853495182,613305.433376847,Cenozoico,Marino,Formación Tablazo Máncora,0.967232823371887,0.0155694948795159
169830,-691759.412866801,611305.897921617,Cenozoico,Marino,Formación Tablazo Máncora,0.977938413619995,0.0138975100032081
169838,-675753.175380327,611305.897921617,Cenozoico,Marino,Formación Tablazo Máncora,0.947791635990143,0.0141070430263995
170524,-695760.972238419,609306.362466387,Cenozoico,Marino,Grupo Talara,0.989253342151642,0.00327411977729039
170525,-693760.19255261,609306.362466387,Cenozoico,Marino,Grupo Talara,0.987247824668884,0.00385710942372753
170526,-691759.412866801,609306.362466387,Cenozoico,Marino,Formación Tablazo Máncora,0.981399595737457,0.00647390581078355
170527,-689758.633180991,609306.362466387,Cenozoico,Marino,Formación Tablazo Máncora,0.982353568077087,0.00911334385530728
170536,-671751.616008708,609306.362466387,Cenozoico,Marino,Grupo Talara,0.980396091938019,0.0182820777863405
171219,-697761.751924228,607306.827011156,Cenozoico,Marino,Grupo Talara,0.988443315029144,0.00312451920517174
171220,-695760.972238419,607306.827011156,Cenozoico,Transicional,Formación Verdún,0.978017508983612,0.00273938550971659
171221,-693760.19255261,607306.827011156,Cenozoico,Transicional,Formación Verdún,0.984362900257111,0.00845892473902033
171222,-691759.412866801,607306.827011156,Cenozoico,Transicional,Formación Verdún,0.982080459594727,0.00760058020389376
171223,-689758.633180991,607306.827011156,Cenozoico,Transicional,Formación Verdún,0.983629524707794,0.00759964444565585
171915,-697761.751924228,605307.291555926,Cenozoico,Transicional,Formación Verdún,0.972909867763519,0.0024222331222069
171918,-691759.412866801,605307.291555926,Cenozoico,Transicional,Formación Verdún,0.975552797317505,0.00694079863234056
171920,-687757.853495182,605307.291555926,Cenozoico,Transicional,Formación Verdún,0.982417404651642,0.0137424547982035
172610,-699762.531610037,603307.756100696,Cenozoico,Transicional,Formación Verdún,0.974755108356476,0.0045320632112253
172611,-697761.751924228,603307.756100696,Cenozoico,Transicional,Formación Verdún,0.966826915740967,0.0103542639277391
172613,-693760.19255261,603307.756100696,Cenozoico,Transicional,Formación Verdún,0.960878193378448,0.00927524201896068
172616,-687757.853495182,603307.756100696,Cenozoico,Marino,Grupo Talara,0.989018976688385,0.00769014927033036
173307,-697761.751924228,601308.220645466,Cenozoico,Continental,Depósito fluvial,0.954972445964813,0.00538767232189578
173312,-687757.853495182,601308.220645466,Cenozoico,Transicional,Formación Pariñas,0.992400527000427,0.00183486705868437
173313,-685757.073809373,601308.220645466,Cenozoico,Marino,Formación Tablazo Máncora,0.972206294536591,0.0063711377050708
173315,-681755.514437754,601308.220645466,Cenozoico,Marino,Formación Tablazo Máncora,0.975038588047028,0.00993254366293061
174005,-693760.19255261,599308.685190236,Cenozoico,Transicional,Formación Verdún,0.977262258529663,0.0141187041928708
174008,-687757.853495182,599308.685190236,Cenozoico,Marino,Grupo Talara,0.985525190830231,0.0144187071780184
174009,-685757.073809373,599308.685190236,Cenozoico,Marino,Grupo Talara,0.985093355178833,0.0113054532619278
174700,-695760.972238419,597309.149735006,Cenozoico,Marino,Grupo Talara,0.986057281494141,0.0154976560408228
174701,-693760.19255261,597309.149735006,Cenozoico,Marino,Grupo Talara,0.983683943748474,0.0089311968017897
174705,-685757.073809373,597309.149735006,Cenozoico,Marino,Grupo Talara,0.983192920684814,0.00825490480520422
176092,-695760.972238419,593310.078824545,Cenozoico,Marino,Grupo Talara,0.986892998218536,0.00668137370311166
176093,-693760.19255261,593310.078824545,Cenozoico,Marino,Grupo Talara,0.964900016784668,0.0138653927410448
176787,-697761.751924228,591310.543369315,Cenozoico,Marino,Grupo Talara,0.987608373165131,0.00509740195435017
176788,-695760.972238419,591310.543369315,Cenozoico,Marino,Grupo Talara,0.979014813899994,0.0170615081037093
177485,-693760.19255261,589311.007914085,Cenozoico,Marino,Grupo Talara,0.969607889652252,0.0154129695513092
177490,-683756.294123564,589311.007914085,Cenozoico,Transicional,Formación Pariñas,0.979147911071777,0.0131434663545951
178179,-697761.751924228,587311.472458855,Cenozoico,Marino,Grupo Talara,0.984503507614136,0.0102350156784424
178182,-691759.412866801,587311.472458855,Cenozoico,Transicional,Formación Verdún,0.965797960758209,0.0116351060890245
178183,-689758.633180991,587311.472458855,Cenozoico,Transicional,Formación Verdún,0.959756731987,0.0146928845272272
178185,-685757.073809373,587311.472458855,Cenozoico,Transicional,Formación Pariñas,0.986451029777527,0.00286137163426598
178186,-683756.294123564,587311.472458855,Cenozoico,Transicional,Formación Pariñas,0.983349442481995,0.00590478882746593
178187,-681755.514437754,587311.472458855,Cenozoico,Transicional,Formación Pariñas,0.968956828117371,0.00994426435372227
178208,-639739.141035761,587311.472458855,Cenozoico,Transicional,Formación Verdún,0.960317194461823,0.0129694825756985
178876,-695760.972238419,585311.937003625,Cenozoico,Transicional,Formación Pariñas,0.987922012805939,0.00566560391450181
178879,-689758.633180991,585311.937003625,Cenozoico,Transicional,Formación Verdún,0.961655676364899,0.0160324659612273
178881,-685757.073809373,585311.937003625,Cenozoico,Marino,Formación Tablazo Máncora,0.980664014816284,0.0037850543057128
178882,-683756.294123564,585311.937003625,Cenozoico,Marino,Formación Tablazo Máncora,0.973395764827728,0.00756055491712211
179569,-701763.311295847,583312.401548395,Cenozoico,Continental,Depósito eólico,0.947356820106506,0.0113617507797082
179570,-699762.531610037,583312.401548395,Cenozoico,Continental,Depósito eólico,0.958251595497131,0.0071614983404521
179578,-683756.294123564,583312.401548395,Cenozoico,Marino,Formación Tablazo Máncora,0.981324851512909,0.00553365260362265
180265,-701763.311295847,581312.866093164,Cenozoico,Marino,Depósito marino,0.985473334789276,0.00241601957355056
180274,-683756.294123564,581312.866093164,Cenozoico,Marino,Formación Tablazo Máncora,0.967338442802429,0.0155217672218152
180275,-681755.514437754,581312.866093164,Cenozoico,Marino,Formación Tablazo Máncora,0.978545308113098,0.0115382407612428
180962,-699762.531610037,579313.330637934,Cenozoico,Marino,Depósito marino,0.985473334789276,0.0031046511361606
180972,-679754.734751945,579313.330637934,Cenozoico,Marino,Formación Tablazo Máncora,0.976099491119385,0.0178581297363903
181659,-697761.751924228,577313.795182704,Cenozoico,Marino,Depósito marino,0.985125660896301,0.00974041208121225
183750,-691759.412866801,571315.188817014,Cenozoico,Marino,Depósito marino,0.985125660896301,0.0105771394238418
185152,-671751.616008708,567316.117906553,Cenozoico,Marino,Formación Tablazo Talara,0.971694350242615,0.0129362815247976
185153,-669750.836322899,567316.117906553,Cenozoico,Marino,Formación Tablazo Talara,0.967567026615143,0.00612536066813561
185154,-667750.05663709,567316.117906553,Cenozoico,Marino,Formación Chira,0.979436695575714,0.0100751567092328
185841,-685757.073809373,565316.582451323,Cenozoico,Marino,Depósito marino,0.986959993839264,0.0169068574625601
185846,-675753.175380327,565316.582451323,Cenozoico,Transicional,Formación Verdún,0.973790049552917,0.0157019473890521
185848,-671751.616008708,565316.582451323,Cenozoico,Marino,Formación Tablazo Talara,0.973532438278198,0.00954242718699828
185849,-669750.836322899,565316.582451323,Cenozoico,Continental,Depósito aluvial,0.927852094173431,0.0144042865160428
185850,-667750.05663709,565316.582451323,Cenozoico,Continental,Depósito aluvial,0.932059764862061,0.0132369820829178
185851,-665749.276951281,565316.582451323,Cenozoico,Marino,Formación Chira-Miembro Superior,0.97432005405426,0.0127716142793241
186544,-671751.616008708,563317.046996093,Cenozoico,Marino,Formación Chira,0.974520683288574,0.00847012832283598
186547,-665749.276951281,563317.046996093,Cenozoico,Marino,Formación Chira-Miembro Superior,0.980410635471344,0.00761685962762673
186548,-663748.497265471,563317.046996093,Cenozoico,Marino,Formación Chira-Miembro Superior,0.97100156545639,0.0118160639134511
187234,-683756.294123564,561317.511540863,Cenozoico,Marino,Depósito marino,0.985473334789276,0.0124505062822391
187243,-665749.276951281,561317.511540863,Cenozoico,Marino,Formación Chira-Miembro Superior,0.973894059658051,0.00579052756562125
187244,-663748.497265471,561317.511540863,Cenozoico,Marino,Formación Chira-Miembro Superior,0.955972254276276,0.00423654107916989
187937,-669750.836322899,559317.976085633,Cenozoico,Marino,Formación Tablazo Talara,0.966235458850861,0.00920526883618591
189330,-667750.05663709,555318.905175172,Cenozoico,Marino,Formación Tablazo Talara,0.9643514752388,0.0131554080211828
189331,-665749.276951281,555318.905175172,Cenozoico,Marino,Formación Talara Tablazo,0.951604068279266,0.015783173775529
189335,-657746.158208044,555318.905175172,Cenozoico,Marino,Formación Talara Tablazo,0.947018980979919,0.00313399398137922
189336,-655745.378522235,555318.905175172,Cenozoico,Marino,Formación Talara Tablazo,0.934070408344269,0.0150777614732973
192808,-671751.616008708,545321.227899022,Cenozoico,Marino,Formación Chira,0.982693433761597,0.0137960825738927
194200,-671751.616008708,541322.156988561,Cenozoico,Marino,Formación Tablazo Talara,0.97647899389267,0.0114715977502171
197674,-683756.294123564,531324.479712411,Cenozoico,Continental,Depósito eólico,0.951239049434662,0.00578564971714914
199761,-685757.073809373,525325.87334672,Sin dato,Sin dato,"Gneis, esquisto",0.961142301559448,0.0167594720327952
201154,-683756.294123564,521326.80243626,Cenozoico,Marino,Formación Tablazo Talara,0.979075908660889,0.0111937083924029
201851,-681755.514437754,519327.26698103,Cenozoico,Marino,Formación Tablazo Talara,0.979562044143677,0.012033392357608
202548,-679754.734751945,517327.7315258,Cenozoico,Marino,Formación Tablazo Talara,0.979562044143677,0.00940287717718298
202549,-677753.955066136,517327.7315258,Cenozoico,Marino,Formación Tablazo Talara,0.980865716934204,0.0138620868957116
203245,-677753.955066136,515328.196070569,Cenozoico,Marino,Formación Tablazo Talara,0.982692003250122,0.0164602896700027
203941,-677753.955066136,513328.660615339,Sin dato,Sin dato,Océano,0.947477996349335,0.0107113697583073
204640,-671751.616008708,511329.125160109,Cenozoico,Marino,Depósito marino,0.974733352661133,0.0172281187001176
206734,-659746.937893853,505330.518794419,Cenozoico,Marino,Formación Chira,0.975872397422791,0.0115094102016495
207429,-661747.717579662,503330.983339189,Cenozoico,Continental,Depósito eólico,0.953463137149811,0.0124445226903916
207431,-657746.158208044,503330.983339189,Cenozoico,Continental,Depósito eólico,0.917284607887268,0.0164921305146933
208126,-659746.937893853,501331.447883958,Cenozoico,Continental,Depósito eólico,0.953151285648346,0.00622983055513035
216484,-647742.259778998,477337.022421197,Cenozoico,Continental,Depósito eólico,0.946146845817566,0.0158058772456987
217876,-647742.259778998,473337.951510736,Cenozoico,Continental,Depósito eólico,0.947356820106506,0.00753299257530679
219268,-647742.259778998,469338.880600276,Cenozoico,Continental,Depósito eólico,0.946146845817566,0.0149546149884525
223431,-673752.395694518,457341.667868895,Cenozoico,Continental,Depósito fluvial,0.958448648452759,0.0100213482938903
223433,-669750.836322899,457341.667868895,Cenozoico,Continental,Depósito fluvial,0.954262316226959,0.00642036337156538
224131,-665749.276951281,455342.132413665,Cenozoico,Marino,Formación Tablazo Lobitos,0.959495484828949,0.00985467077564739
224827,-665749.276951281,453342.596958435,Cenozoico,Continental,Depósito aluvial,0.926915347576141,0.0116089052132494
253435,-521693.139573017,371361.643293999,Cenozoico,Continental,Depósito eólico,0.944377183914185,0.0175368462473283
253437,-517691.580201398,371361.643293999,Cenozoico,Continental,Depósito aluvial,0.923917591571808,0.00681600834779647
254827,-521693.139573017,367362.572383538,Cenozoico,Continental,Depósito eólico,0.9371178150177,0.0129556950593679
261775,-545702.495802727,347367.217831237,Cenozoico,Continental,Depósito eólico,0.918185830116272,0.0182080430650851
262471,-545702.495802727,345367.682376007,Cenozoico,Continental,Depósito eólico,0.95728075504303,0.0100804652259575
265955,-537699.37705949,335370.005099856,Cenozoico,Continental,Depósito aluvial,0.94300651550293,0.0117327576917837
266669,-501685.342714924,333370.469644626,Cenozoico,Continental,Depósito eólico,0.934857785701752,0.0160906762108946
268060,-503686.122400734,329371.398734166,Cenozoico,Continental,Depósito eólico,0.943635821342468,0.016531837735662
269441,-525694.698944635,325372.327823705,Cenozoico,Continental,Depósito aluvial,0.962089657783508,0.0100597035287849
270138,-523693.919258826,323372.792368475,Cenozoico,Continental,Depósito aluvial,0.962089657783508,0.0119056186812674
272228,-519692.359887207,317374.186002785,Sin dato,Sin dato,Océano,0.969503223896027,0.0102187174596263
277108,-503686.122400734,303377.437816174,Cenozoico,Sin dato,Plutón Catalina,0.960555613040924,0.0168341001426386
279197,-501685.342714924,297378.831450483,Cenozoico,Sin dato,Centro Volcánico Catalina - Evento 1,0.945526897907257,0.0136984924313187
282680,-495683.003657497,287381.154174332,Cenozoico,Continental,Depósito aluvial,0.920586705207825,0.00932281233642311
284763,-505686.902086543,281382.547808642,Cenozoico,Continental,Depósito aluvial,0.94300651550293,0.0113944510219187
307057,-461669.74899874,217397.413241277,Cenozoico,Continental,Depósito aluvial,0.94300651550293,0.0067520989241851
307754,-459668.969312931,215397.877786047,Cenozoico,Transicional,Depósito marino,0.985716462135315,0.00677334216982067
307755,-457668.189627121,215397.877786047,Cenozoico,Continental,Depósito aluvial,0.944400072097778,0.00679997758288813
308452,-455667.409941312,213398.342330817,Cenozoico,Continental,Depósito aluvial,0.931104600429535,0.00612469103997204
309849,-445663.511512266,209399.271420357,Cenozoico,Continental,Depósito eólico,0.943640172481537,0.0133548626143417
316117,-437660.392769029,191403.452323285,Cenozoico,Transicional,Depósito marino,0.984701156616211,0.00805488687039487
346065,-397644.799052845,105423.427748389,Cenozoico,Transicional,Depósito marino,0.986775934696198,0.00997845186375771
351641,-381638.561566371,89427.1441065475,Cenozoico,Continental,Depósito eólico,0.92168515920639,0.0112301802565207
357210,-379637.781880562,73430.8604647063,Cenozoico,Transicional,Depósito marino,0.984415054321289,0.0114917593979747
358605,-373635.442823134,69431.789554246,Cenozoico,Continental,Depósito eólico,0.970315098762512,0.0169757843699144
379495,-353627.645965042,9445.72589734154,Cenozoico,Continental,Depósito eólico,0.955779910087585,0.0170280308221741
380887,-353627.645965042,5446.65498688124,Cenozoico,Transicional,Depósito marino,0.966115951538086,0.0144565320120345
385068,-343623.747535996,-6550.55774449965,Cenozoico,Continental,Depósito aluvial,0.930772542953491,0.0152246027195586
417805,-293604.255390765,-100528.724140317,Cenozoico,Continental,Depósito marino,0.981638669967651,0.018115313893174
427554,-283600.356961719,-128522.220513539,Cenozoico,Continental,Depósito eólico,0.947324097156525,0.012624514074043
428251,-281599.57727591,-130521.755968769,Cenozoico,Continental,Depósito eólico,0.943846762180328,0.0167138065471652
430338,-283600.356961719,-136520.362334459,Cenozoico,Continental,Depósito eólico,0.951256275177002,0.00904083685149661
430339,-281599.57727591,-136520.362334459,Cenozoico,Continental,Depósito eólico,0.916579723358154,0.00658638136119705
431032,-287601.916333337,-138519.89778969,Cenozoico,Continental,Depósito eólico,0.969595849514008,0.00351334153067411
431034,-283600.356961719,-138519.89778969,Cenozoico,Continental,Depósito eólico,0.96901661157608,0.0122850511885808
431734,-275597.238218482,-140519.43324492,Cenozoico,Continental,Depósito eólico,0.965307354927063,0.00938335008275846
432429,-277598.017904291,-142518.96870015,Cenozoico,Continental,Depósito eólico,0.931441187858582,0.0176659089075021
434515,-281599.57727591,-148517.57506584,Cenozoico,Continental,Depósito eólico,0.964558064937592,0.0133332261695349
439400,-255589.44136039,-162514.323252451,Cenozoico,Continental,Depósito eólico,0.953429698944092,0.0125030534414217
450546,-235581.644502298,-194506.890536134,Cenozoico,Continental,Depósito eólico,0.962888300418854,0.00502964320668955
450547,-233580.864816488,-194506.890536134,Cenozoico,Continental,Depósito eólico,0.969595849514008,0.0143593360429771
451242,-235581.644502298,-196506.425991364,Cenozoico,Continental,Depósito eólico,0.931211054325104,0.0157013746398506
451937,-237582.424188107,-198505.961446594,Cenozoico,Continental,Depósito eólico,0.954754292964935,0.0108119566916713
451938,-235581.644502298,-198505.961446594,Cenozoico,Continental,Depósito eólico,0.950249195098877,0.0122765520677895
458900,-231580.085130679,-218501.315998896,Cenozoico,Continental,Depósito fluvial,0.963905930519104,0.01696166340661
467258,-219575.407015824,-242495.741461657,Cenozoico,Continental,Depósito eólico,0.934515237808228,0.0107929462068785
468654,-211572.288272587,-246494.812372118,Cenozoico,Continental,Depósito aluvial,0.923276126384735,0.00827981766933257
469352,-207570.728900968,-248494.347827348,Cenozoico,Continental,Depósito eólico,0.948616027832031,0.0129341410535192
470051,-201568.389843541,-250493.883282578,Cenozoico,Continental,Depósito eólico,0.950625240802765,0.0154987604087407
471443,-201568.389843541,-254492.954193038,Cenozoico,Continental,Depósito aluvial,0.931549072265625,0.0118563974408295
472837,-197566.830471922,-258492.025103499,Cenozoico,Continental,Depósito aluvial,0.92627340555191,0.016573672254681
473533,-197566.830471922,-260491.560558729,Cenozoico,Continental,Depósito marino,0.984496831893921,0.0100028583030188
474230,-195566.050786113,-262491.096013959,Cenozoico,Continental,Depósito eólico,0.95728075504303,0.00796842070332026
474231,-193565.271100304,-262491.096013959,Cenozoico,Continental,Depósito eólico,0.941140472888947,0.0119130313403089
474232,-191564.491414495,-262491.096013959,Cenozoico,Continental,Depósito eólico,0.946743845939636,0.00939342037666465
474927,-193565.271100304,-264490.631469189,Cenozoico,Continental,Depósito marino,0.985112369060516,0.00475000607747973
474928,-191564.491414495,-264490.631469189,Cenozoico,Continental,Depósito eólico,0.946319222450256,0.0119650909323418
483981,-181560.592985449,-290484.592387181,Cenozoico,Continental,Depósito eólico,0.955779910087585,0.0119633387213064
490253,-165554.355498975,-308480.411484252,Cenozoico,Continental,Formación Cañete,0.959142684936523,0.0112140277331544
490948,-167555.135184784,-310479.946939482,Cenozoico,Continental,Formación Cañete,0.973641514778137,0.0109834918768368
490949,-165554.355498975,-310479.946939482,Cenozoico,Continental,Formación Cañete,0.982990741729736,0.00947129198624593
491644,-167555.135184784,-312479.482394713,Cenozoico,Continental,Depósito eólico,0.953087449073792,0.0065190783498528
492341,-165554.355498975,-314479.017849943,Cenozoico,Continental,Depósito marino,0.986220955848694,0.00729303384852771
495126,-163553.575813166,-322477.159670863,Cenozoico,Continental,Depósito eólico,0.954754292964935,0.0125810471030609
509756,-135542.660211836,-364467.404230697,Cenozoico,Continental,Formación Cañete - Miembro Inferior,0.932104229927063,0.0148220522110738
511149,-133541.880526027,-368466.475141157,Cenozoico,Continental,Formación Cañete - Miembro Inferior,0.944173216819763,0.0118265473184333
522289,-125538.76178279,-400459.042424839,Cenozoico,Marino,Formación Pisco,0.988994300365448,0.00571258102751871
522984,-127539.5414686,-402458.577880069,Cenozoico,Marino,Formación Pisco,0.987014293670654,0.0120273725648049
523680,-127539.5414686,-404458.113335299,Cenozoico,Marino,Formación Pisco,0.98625385761261,0.0143613918342817
527853,-133541.880526027,-416455.32606668,Cenozoico,Continental,Depósito residual,0.97425901889801,0.0161016103901501
528549,-133541.880526027,-418454.861521911,Cenozoico,Continental,Depósito residual,0.987318336963654,0.0119992974730072
529245,-133541.880526027,-420454.396977141,Cenozoico,Continental,Depósito residual,0.987318336963654,0.00912323326576734
529937,-141544.999269264,-422453.932432371,Cenozoico,Continental,Depósito residual,0.990154623985291,0.0161422770272253
529941,-133541.880526027,-422453.932432371,Cenozoico,Continental,Depósito residual,0.96961909532547,0.0106115266763052
530630,-147547.338326692,-424453.467887601,Cenozoico,Transicional,Grupo Los Choros - Formación Yumaque,0.987238824367523,0.00800753850416843
530633,-141544.999269264,-424453.467887601,Cenozoico,Continental,Depósito residual,0.987318336963654,0.0115605559538895
530636,-135542.660211836,-424453.467887601,Cenozoico,Continental,Depósito residual,0.985117793083191,0.0068331387183093
531326,-147547.338326692,-426453.003342831,Cenozoico,Transicional,Grupo Los Choros - Formación Yumaque,0.990475475788116,0.00541024250826239
531327,-145546.558640883,-426453.003342831,Cenozoico,Continental,Depósito residual,0.989072859287262,0.0172705965554647
531328,-143545.778955073,-426453.003342831,Cenozoico,Continental,Depósito residual,0.989911139011383,0.0140150458586932
531329,-141544.999269264,-426453.003342831,Cenozoico,Transicional,Grupo Los Choros - Formación Yumaque,0.993793129920959,0.00213703683791697
531330,-139544.219583455,-426453.003342831,Cenozoico,Transicional,Grupo Los Choros - Formación Yumaque,0.987616002559662,0.00292188979099636
531333,-133541.880526027,-426453.003342831,Cenozoico,Continental,Depósito residual,0.973482429981232,0.0151004930221453
531334,-131541.100840218,-426453.003342831,Cenozoico,Continental,Depósito residual,0.982149183750153,0.0163123038589239
532022,-147547.338326692,-428452.538798061,Cenozoico,Transicional,Grupo Los Choros - Formación Yumaque,0.989054679870605,0.00223119972629857
532023,-145546.558640883,-428452.538798061,Cenozoico,Continental,Depósito residual,0.986412167549133,0.0111126925647128
532024,-143545.778955073,-428452.538798061,Cenozoico,Transicional,Grupo Los Choros - Formación Yumaque,0.988895773887634,0.00322687149695975
532025,-141544.999269264,-428452.538798061,Cenozoico,Transicional,Grupo Los Choros - Formación Yumaque,0.987196803092957,0.00292604601407442
532026,-139544.219583455,-428452.538798061,Cenozoico,Transicional,Grupo Los Choros - Formación Yumaque,0.994488835334778,0.00145938279717377
532028,-135542.660211836,-428452.538798061,Cenozoico,Continental,Depósito residual,0.987318336963654,0.00742039726624025
532029,-133541.880526027,-428452.538798061,Cenozoico,Transicional,Formación Los Choros,0.993412435054779,0.00131445806261112
532031,-129540.321154409,-428452.538798061,Cenozoico,Transicional,Grupo Los Choros - Formación Yumaque,0.99379551410675,0.00353550126942163
532034,-123537.982096981,-428452.538798061,Cenozoico,Continental,Depósito residual,0.953992068767548,0.0169037356632907
532035,-121537.202411172,-428452.538798061,Cenozoico,Continental,Depósito residual,0.917563915252686,0.0125796541192923
532719,-145546.558640883,-430452.074253291,Cenozoico,Transicional,Grupo Los Choros - Formación Yumaque,0.993514060974121,0.00188215831590068
532720,-143545.778955073,-430452.074253291,Cenozoico,Continental,Depósito residual,0.983351767063141,0.00945540419462831
532721,-141544.999269264,-430452.074253291,Cenozoico,Transicional,Grupo Los Choros - Formación Yumaque,0.993793129920959,0.00175176114218542
532723,-137543.439897646,-430452.074253291,Cenozoico,Continental,Depósito residual,0.983609318733215,0.00785394736355022
532724,-135542.660211836,-430452.074253291,Cenozoico,Transicional,Grupo Los Choros - Formación Yumaque,0.993280470371246,0.00204580338508996
532725,-133541.880526027,-430452.074253291,Cenozoico,Transicional,Formación Los Choros,0.992942690849304,0.00201359714748138
532727,-129540.321154409,-430452.074253291,Cenozoico,Transicional,Grupo Los Choros - Formación Yumaque,0.991507768630981,0.00344542449529924
532729,-125538.76178279,-430452.074253291,Cenozoico,Marino,Formación Pisco,0.988289594650269,0.00756575941934671
532730,-123537.982096981,-430452.074253291,Cenozoico,Continental,Depósito residual,0.969423770904541,0.0167989362780529
532731,-121537.202411172,-430452.074253291,Cenozoico,Continental,Depósito residual,0.961652278900146,0.0130923746655147
532734,-115534.863353744,-430452.074253291,Cenozoico,Continental,Depósito residual,0.959661900997162,0.0170370480337572
533414,-147547.338326692,-432451.609708522,Cenozoico,Transicional,Grupo Los Choros - Formación Yumaque,0.992023110389709,0.00286797708915708
533415,-145546.558640883,-432451.609708522,Cenozoico,Continental,Depósito residual,0.9854936003685,0.0141399826640233
533419,-137543.439897646,-432451.609708522,Cenozoico,Continental,Depósito residual,0.981733560562134,0.00689254389478531
533421,-133541.880526027,-432451.609708522,Cenozoico,Transicional,Formación Los Choros,0.992086708545685,0.0025677954312775
533422,-131541.100840218,-432451.609708522,Cenozoico,Transicional,Grupo Los Choros - Formación Yumaque,0.991245090961456,0.00348181603521153
533423,-129540.321154409,-432451.609708522,Cenozoico,Transicional,Grupo Los Choros - Formación Yumaque,0.993316352367401,0.00373523083617688
533425,-125538.76178279,-432451.609708522,Cenozoico,Marino,Formación Pisco,0.986986577510834,0.00281725496411014
533426,-123537.982096981,-432451.609708522,Cenozoico,Marino,Formación Pisco,0.985741376876831,0.00879064559115022
533427,-121537.202411172,-432451.609708522,Cenozoico,Marino,Formación Pisco,0.978937566280365,0.0083218845276838
533428,-119536.422725363,-432451.609708522,Cenozoico,Continental,Depósito residual,0.964797794818878,0.010354327943432
533430,-115534.863353744,-432451.609708522,Cenozoico,Marino,Formación Pisco,0.978446364402771,0.00509594335457481
533432,-111533.303982126,-432451.609708522,Cenozoico,Continental,Depósito residual,0.955674648284912,0.0151364636086154
534114,-139544.219583455,-434451.145163752,Cenozoico,Transicional,Grupo Los Choros - Formación Yumaque,0.993793129920959,0.00177455715634233
534115,-137543.439897646,-434451.145163752,Cenozoico,Transicional,Grupo Los Choros - Formación Yumaque,0.985509753227234,0.0165412232911008
534118,-131541.100840218,-434451.145163752,Cenozoico,Continental,Depósito residual,0.989775896072388,0.0106172707176167
534119,-129540.321154409,-434451.145163752,Cenozoico,Transicional,Grupo Los Choros - Formación Yumaque,0.991018772125244,0.00334548827461417
534120,-127539.5414686,-434451.145163752,Cenozoico,Continental,Depósito residual,0.981043875217438,0.0163337114103909
534121,-125538.76178279,-434451.145163752,Cenozoico,Marino,Formación Pisco,0.985885262489319,0.00555388462519395
534123,-121537.202411172,-434451.145163752,Cenozoico,Marino,Formación Pisco,0.982338964939117,0.00851157501991396
534124,-119536.422725363,-434451.145163752,Cenozoico,Continental,Depósito residual,0.957512617111206,0.00889856827606152
534125,-117535.643039553,-434451.145163752,Cenozoico,Marino,Formación Pisco,0.981421709060669,0.00742779957765802
534126,-115534.863353744,-434451.145163752,Cenozoico,Marino,Formación Pisco,0.983056962490082,0.00227156187299163
534127,-113534.083667935,-434451.145163752,Cenozoico,Marino,Formación Pisco,0.982264459133148,0.00626476672202051
534811,-137543.439897646,-436450.680618982,Cenozoico,Transicional,Grupo Los Choros - Formación Yumaque,0.994149565696716,0.00200362890848034
534813,-133541.880526027,-436450.680618982,Cenozoico,Transicional,Formación Los Choros,0.983706712722778,0.00770773845939639
534814,-131541.100840218,-436450.680618982,Cenozoico,Continental,Depósito residual,0.987212598323822,0.0148183430689527
534815,-129540.321154409,-436450.680618982,Cenozoico,Transicional,Formación Los Choros,0.992058098316193,0.00624027463726471
534816,-127539.5414686,-436450.680618982,Cenozoico,Continental,Depósito residual,0.983599066734314,0.0109898604154644
534817,-125538.76178279,-436450.680618982,Cenozoico,Marino,Formación Pisco,0.987498223781586,0.00736708161765918
534818,-123537.982096981,-436450.680618982,Cenozoico,Marino,Formación Pisco,0.989440977573395,0.00395210924112763
534819,-121537.202411172,-436450.680618982,Cenozoico,Marino,Formación Pisco,0.980297446250916,0.00669305912657119
534820,-119536.422725363,-436450.680618982,Cenozoico,Continental,Depósito residual,0.968253016471863,0.0092392564935581
534822,-115534.863353744,-436450.680618982,Cenozoico,Marino,Formación Pisco,0.986628413200378,0.00316266518901231
534823,-113534.083667935,-436450.680618982,Cenozoico,Marino,Formación Pisco,0.989077687263489,0.00397217541732624
534824,-111533.303982126,-436450.680618982,Cenozoico,Continental,Depósito residual,0.980470895767212,0.0172178080184728
535507,-137543.439897646,-438450.216074212,Cenozoico,Transicional,Grupo Los Choros - Formación Yumaque,0.994250416755676,0.00206421664806333
535509,-133541.880526027,-438450.216074212,Cenozoico,Transicional,Grupo Los Choros - Formación Yumaque,0.987835347652435,0.00352192067322004
535510,-131541.100840218,-438450.216074212,Cenozoico,Transicional,Formación Los Choros,0.99240255355835,0.00962419140220568
535512,-127539.5414686,-438450.216074212,Cenozoico,Marino,Formación Pisco,0.986301898956299,0.0109536136174252
535514,-123537.982096981,-438450.216074212,Cenozoico,Continental,Depósito residual,0.982808291912079,0.0115758544863751
535515,-121537.202411172,-438450.216074212,Cenozoico,Continental,Depósito residual,0.975950717926025,0.00526311641803466
535516,-119536.422725363,-438450.216074212,Cenozoico,Marino,Formación Pisco,0.989507734775543,0.00277129097816027
535518,-115534.863353744,-438450.216074212,Cenozoico,Marino,Formación Pisco,0.981012225151062,0.00308111038484969
535520,-111533.303982126,-438450.216074212,Cenozoico,Continental,Depósito residual,0.981781721115112,0.00806371259416702
535524,-103530.185238889,-438450.216074212,Cenozoico,Continental,Depósito residual,0.976429343223572,0.014988081565327
535528,-95527.066495652,-438450.216074212,Cenozoico,Continental,Depósito residual,0.951485991477966,0.013095199679972
536205,-133541.880526027,-440449.751529442,Cenozoico,Transicional,Grupo Los Choros - Formación Yumaque,0.992651402950287,0.00203532349065594
536206,-131541.100840218,-440449.751529442,Cenozoico,Transicional,Grupo Los Choros - Formación Yumaque,0.991546809673309,0.00430818361956277
536208,-127539.5414686,-440449.751529442,Cenozoico,Continental,Formación Chilcatay,0.988709986209869,0.0025187909383154
536210,-123537.982096981,-440449.751529442,Cenozoico,Marino,Formación Pisco,0.989304542541504,0.0132894976049063
536211,-121537.202411172,-440449.751529442,Cenozoico,Marino,Formación Pisco,0.988656640052795,0.009384475724555
536212,-119536.422725363,-440449.751529442,Cenozoico,Marino,Formación Pisco,0.978847444057465,0.00597086044310994
536213,-117535.643039553,-440449.751529442,Cenozoico,Marino,Formación Pisco,0.987097799777985,0.0041781053402599
536214,-115534.863353744,-440449.751529442,Cenozoico,Continental,Depósito residual,0.974911987781525,0.0158912961166461
536900,-135542.660211836,-442449.286984672,Cenozoico,Continental,Depósito marino,0.977973639965057,0.0166505228901245
536903,-129540.321154409,-442449.286984672,Cenozoico,Continental,Formación Chilcatay,0.981256783008575,0.0163596154016484
536904,-127539.5414686,-442449.286984672,Cenozoico,Continental,Formación Chilcatay,0.977502524852753,0.00335967960857961
536907,-121537.202411172,-442449.286984672,Cenozoico,Continental,Depósito residual,0.98052442073822,0.0130717002906381
537596,-135542.660211836,-444448.822439902,Cenozoico,Transicional,Grupo Los Choros - Formación Yumaque,0.99171245098114,0.00284958229203024
537597,-133541.880526027,-444448.822439902,Cenozoico,Continental,Depósito residual,0.989401161670685,0.00215504328627492
537598,-131541.100840218,-444448.822439902,Cenozoico,Transicional,Grupo Los Choros - Formación Yumaque,0.993192613124847,0.00260924296131719
537599,-129540.321154409,-444448.822439902,Cenozoico,Transicional,Grupo Los Choros - Formación Yumaque,0.9857497215271,0.0111096791650729
537605,-117535.643039553,-444448.822439902,Cenozoico,Continental,Depósito residual,0.962392210960388,0.0175299579704284
538292,-135542.660211836,-446448.357895133,Cenozoico,Continental,Depósito marino,0.990723669528961,0.0041337913031889
538293,-133541.880526027,-446448.357895133,Cenozoico,Transicional,Grupo Los Choros - Formación Yumaque,0.992959141731262,0.00196299241238744
538294,-131541.100840218,-446448.357895133,Cenozoico,Transicional,Grupo Los Choros - Formación Yumaque,0.988518118858337,0.00350438437607254
538988,-135542.660211836,-448447.893350363,Cenozoico,Transicional,Grupo Los Choros - Formación Yumaque,0.994121491909027,0.00211534213057364
538991,-129540.321154409,-448447.893350363,Cenozoico,Transicional,Grupo Los Choros - Formación Yumaque,0.973984062671661,0.0110914445497601
538994,-123537.982096981,-448447.893350363,Cenozoico,Continental,Depósito residual,0.978121757507324,0.00559845099452935
539684,-135542.660211836,-450447.428805593,Cenozoico,Transicional,Grupo Los Choros - Formación Yumaque,0.990185856819153,0.00362191550074558
539686,-131541.100840218,-450447.428805593,Cenozoico,Transicional,Grupo Los Choros - Formación Yumaque,0.99012017250061,0.00260630505354874
539687,-129540.321154409,-450447.428805593,Cenozoico,Transicional,Grupo Los Choros - Formación Yumaque,0.981334686279297,0.0043634989983697
540380,-135542.660211836,-452446.964260823,Cenozoico,Transicional,Grupo Los Choros - Formación Yumaque,0.990402102470398,0.00378830260825048
540382,-131541.100840218,-452446.964260823,Cenozoico,Transicional,Grupo Los Choros - Formación Yumaque,0.990920305252075,0.00215465069755207
540383,-129540.321154409,-452446.964260823,Cenozoico,Transicional,Grupo Los Choros - Formación Yumaque,0.989951550960541,0.00331483903231097
540385,-125538.76178279,-452446.964260823,Cenozoico,Transicional,Grupo Los Choros - Formación Yumaque,0.985929429531097,0.00257469802739535
540389,-117535.643039553,-452446.964260823,Cenozoico,Continental,Depósito residual,0.981569528579712,0.0159996719602138
541076,-135542.660211836,-454446.499716053,Cenozoico,Transicional,Grupo Los Choros - Formación Yumaque,0.989847958087921,0.00452444888962785
541078,-131541.100840218,-454446.499716053,Cenozoico,Transicional,Grupo Los Choros - Formación Yumaque,0.991513788700104,0.00231150874256935
541079,-129540.321154409,-454446.499716053,Cenozoico,Transicional,Grupo Los Choros - Formación Yumaque,0.992356896400452,0.00275177266359113
541080,-127539.5414686,-454446.499716053,Cenozoico,Transicional,Grupo Los Choros - Formación Yumaque,0.990296423435211,0.00220800313954895
541081,-125538.76178279,-454446.499716053,Cenozoico,Transicional,Grupo Los Choros - Formación Yumaque,0.989128291606903,0.0027814914360277
541084,-119536.422725363,-454446.499716053,Cenozoico,Continental,Depósito residual,0.982052743434906,0.0140481713945484
541097,-93526.2868098427,-454446.499716053,Cenozoico,Continental,Depósito residual,0.943551540374756,0.0088367258940087
541771,-137543.439897646,-456446.035171283,Cenozoico,Transicional,Grupo Los Choros - Formación Yumaque,0.993280470371246,0.00170405078003484
541772,-135542.660211836,-456446.035171283,Cenozoico,Transicional,Grupo Los Choros - Formación Yumaque,0.992285847663879,0.00148172045999303
541773,-133541.880526027,-456446.035171283,Cenozoico,Transicional,Grupo Los Choros - Formación Yumaque,0.993514060974121,0.00164158672172794
541774,-131541.100840218,-456446.035171283,Cenozoico,Transicional,Formación Los Choros,0.993208229541779,0.00228262309771478
541775,-129540.321154409,-456446.035171283,Cenozoico,Continental,Depósito residual,0.981206595897675,0.00667178575481
541776,-127539.5414686,-456446.035171283,Cenozoico,Transicional,Grupo Los Choros - Formación Yumaque,0.989666819572449,0.00297215307779808
541777,-125538.76178279,-456446.035171283,Cenozoico,Transicional,Grupo Los Choros - Formación Yumaque,0.988670706748962,0.00196914557424903
541780,-119536.422725363,-456446.035171283,Cenozoico,Continental,Depósito residual,0.980072259902954,0.0100137893951713
541781,-117535.643039553,-456446.035171283,Cenozoico,Continental,Depósito residual,0.980168581008911,0.00571600947787046
541783,-113534.083667935,-456446.035171283,Cenozoico,Continental,Depósito residual,0.956111192703247,0.0167930370843549
541787,-105530.964924698,-456446.035171283,Cenozoico,Continental,Depósito residual,0.971198797225952,0.010157125202053
541791,-97527.8461814612,-456446.035171283,Cenozoico,Continental,Depósito residual,0.950324356555939,0.0103053456820327
541793,-93526.2868098427,-456446.035171283,Cenozoico,Continental,Depósito residual,0.951131284236908,0.00742841624255077
541794,-91525.5071240335,-456446.035171283,Cenozoico,Continental,Depósito residual,0.980922758579254,0.0138442459976705
541796,-87523.9477524151,-456446.035171283,Cenozoico,Continental,Depósito residual,0.981022298336029,0.0136720254656507
541806,-67516.1508943229,-456446.035171283,Mesozoico,Continental,Formación Río Grande,0.919938445091248,0.0160160016818494
542467,-137543.439897646,-458445.570626514,Cenozoico,Transicional,Grupo Los Choros - Formación Yumaque,0.993411242961884,0.00118890062466717
542468,-135542.660211836,-458445.570626514,Cenozoico,Transicional,Grupo Los Choros - Formación Yumaque,0.993411242961884,0.00123671721052809
542469,-133541.880526027,-458445.570626514,Cenozoico,Transicional,Formación Los Choros,0.993873476982117,0.00136173326016472
542470,-131541.100840218,-458445.570626514,Cenozoico,Transicional,Formación Los Choros,0.993790924549103,0.00192118718122667
542471,-129540.321154409,-458445.570626514,Cenozoico,Continental,Depósito residual,0.988446891307831,0.00605901736591144
542472,-127539.5414686,-458445.570626514,Cenozoico,Continental,Depósito residual,0.989911139011383,0.00716045419984958
542473,-125538.76178279,-458445.570626514,Cenozoico,Transicional,Grupo Los Choros - Formación Yumaque,0.990475475788116,0.00152510611130828
542474,-123537.982096981,-458445.570626514,Cenozoico,Transicional,Grupo Los Choros - Formación Yumaque,0.989128291606903,0.00286723305477564
542475,-121537.202411172,-458445.570626514,Cenozoico,Continental,Formación Chilcatay,0.987165570259094,0.00171307618811146
542476,-119536.422725363,-458445.570626514,Cenozoico,Continental,Formación Chilcatay,0.987379133701324,0.00424680844631429
542477,-117535.643039553,-458445.570626514,Cenozoico,Continental,Depósito residual,0.981515109539032,0.00816328510634348
542486,-99528.6258672704,-458445.570626514,Cenozoico,Continental,Depósito residual,0.953712284564972,0.0123120178777408
542487,-97527.8461814612,-458445.570626514,Cenozoico,Continental,Depósito residual,0.960676252841949,0.0129817743580024
542489,-93526.2868098427,-458445.570626514,Cenozoico,Continental,Depósito residual,0.958772361278534,0.0150007490125722
542490,-91525.5071240335,-458445.570626514,Cenozoico,Continental,Depósito residual,0.981621325016022,0.00483818247654771
542492,-87523.9477524151,-458445.570626514,Cenozoico,Continental,Depósito residual,0.980123996734619,0.015079368705946
543163,-137543.439897646,-460445.106081744,Cenozoico,Transicional,Formación Los Choros,0.990856826305389,0.00311015834576199
543164,-135542.660211836,-460445.106081744,Cenozoico,Continental,Depósito residual,0.97425901889801,0.00899088328007026
543167,-129540.321154409,-460445.106081744,Cenozoico,Transicional,Formación Los Choros,0.991646111011505,0.00323186325806939
543170,-123537.982096981,-460445.106081744,Cenozoico,Transicional,Grupo Los Choros - Formación Yumaque,0.987363517284393,0.00233254403346234
543171,-121537.202411172,-460445.106081744,Cenozoico,Continental,Formación Chilcatay,0.989312469959259,0.00216073471838937
543173,-117535.643039553,-460445.106081744,Cenozoico,Continental,Formación Chilcatay,0.987878143787384,0.00400215303922705
543174,-115534.863353744,-460445.106081744,Cenozoico,Continental,Depósito residual,0.98032283782959,0.0107963743213171
543176,-111533.303982126,-460445.106081744,Cenozoico,Continental,Formación Chilcatay,0.969519436359406,0.0178014694161233
543182,-99528.6258672704,-460445.106081744,Cenozoico,Continental,Depósito residual,0.980217576026917,0.00807522645315675
543183,-97527.8461814612,-460445.106081744,Cenozoico,Continental,Depósito residual,0.980933427810669,0.0100709285860653
543865,-125538.76178279,-462444.641536974,Cenozoico,Transicional,Formación Los Choros,0.989790141582489,0.00449315324648159
543866,-123537.982096981,-462444.641536974,Cenozoico,Transicional,Grupo Los Choros - Formación Yumaque,0.989814758300781,0.00233246546450253
543867,-121537.202411172,-462444.641536974,Cenozoico,Continental,Formación Chilcatay,0.989419937133789,0.00230238322582061
543868,-119536.422725363,-462444.641536974,Cenozoico,Continental,Formación Chilcatay,0.987124741077423,0.00327066084239375
543869,-117535.643039553,-462444.641536974,Cenozoico,Continental,Formación Chilcatay,0.985547423362732,0.00634261153178078
543870,-115534.863353744,-462444.641536974,Cenozoico,Continental,Depósito residual,0.980191707611084,0.0050797675712284
543873,-109532.524296317,-462444.641536974,Cenozoico,Continental,Formación Chilcatay,0.964184105396271,0.0156132122838791
543876,-103530.185238889,-462444.641536974,Cenozoico,Continental,Depósito residual,0.978187143802643,0.015867314350561
543880,-95527.066495652,-462444.641536974,Cenozoico,Continental,Depósito residual,0.971198797225952,0.0137200881916192
544560,-127539.5414686,-464444.176992204,Cenozoico,Transicional,Formación Los Choros,0.992090463638306,0.00713346143214751
544562,-123537.982096981,-464444.176992204,Cenozoico,Transicional,Formación Los Choros,0.985116302967072,0.00541995566721455
544564,-119536.422725363,-464444.176992204,Cenozoico,Continental,Formación Chilcatay,0.986124038696289,0.00522890062159352
544566,-115534.863353744,-464444.176992204,Cenozoico,Continental,Depósito residual,0.976824104785919,0.0127827389915014
544574,-99528.6258672704,-464444.176992204,Cenozoico,Continental,Depósito residual,0.982121825218201,0.0145398535470509
545258,-123537.982096981,-466443.712447434,Cenozoico,Transicional,Formación Los Choros,0.990856826305389,0.00936172315886025
545259,-121537.202411172,-466443.712447434,Cenozoico,Transicional,Grupo Los Choros - Formación Yumaque,0.984236896038055,0.0147979101198666
545260,-119536.422725363,-466443.712447434,Cenozoico,Continental,Formación Chilcatay,0.982543230056763,0.00698762424252643
545261,-117535.643039553,-466443.712447434,Cenozoico,Marino,Formación Pisco,0.978878736495972,0.0107506122787328
545269,-101529.40555308,-466443.712447434,Cenozoico,Continental,Depósito residual,0.977858066558838,0.012177334101246
545955,-121537.202411172,-468443.247902664,Cenozoico,Transicional,Grupo Los Choros - Formación Yumaque,0.988411605358124,0.0126040035338791
545956,-119536.422725363,-468443.247902664,Cenozoico,Continental,Formación Chilcatay,0.981656610965729,0.00676884857191006
545957,-117535.643039553,-468443.247902664,Cenozoico,Marino,Formación Pisco,0.985371649265289,0.0149607823626719
545959,-113534.083667935,-468443.247902664,Cenozoico,Continental,Depósito residual,0.978294372558594,0.0139373813274035
546651,-121537.202411172,-470442.783357894,Cenozoico,Continental,Depósito residual,0.979330241680145,0.0177331511253684
546652,-119536.422725363,-470442.783357894,Cenozoico,Transicional,Grupo Los Choros - Formación Yumaque,0.98256242275238,0.0163823461804402
546653,-117535.643039553,-470442.783357894,Cenozoico,Continental,Formación Chilcatay,0.979008257389069,0.0148974329719424
546656,-111533.303982126,-470442.783357894,Cenozoico,Continental,Depósito residual,0.973455786705017,0.0142077193340045
547347,-121537.202411172,-472442.318813125,Cenozoico,Continental,Formación Chilcatay,0.986486434936523,0.00753590424756626
547350,-115534.863353744,-472442.318813125,Cenozoico,Marino,Formación Pisco,0.979528784751892,0.0118458705822413
547352,-111533.303982126,-472442.318813125,Cenozoico,Marino,Formación Pisco,0.98531186580658,0.0138377090095855
547353,-109532.524296317,-472442.318813125,Cenozoico,Marino,Formación Pisco,0.967909038066864,0.0130094936648425
548047,-113534.083667935,-474441.854268355,Cenozoico,Marino,Formación Pisco,0.985003054141998,0.00740200177626398
548049,-109532.524296317,-474441.854268355,Cenozoico,Marino,Formación Pisco,0.984404861927032,0.0103268311869183
548064,-79520.8290091782,-474441.854268355,Cenozoico,Marino,Formación Pisco,0.987368404865265,0.00461777142882663
548743,-113534.083667935,-476441.389723585,Cenozoico,Marino,Formación Pisco,0.985208988189697,0.0146542358013209
548760,-79520.8290091782,-476441.389723585,Cenozoico,Marino,Formación Pisco,0.987891793251038,0.00413911026707391
549456,-79520.8290091782,-478440.925178815,Cenozoico,Marino,Formación Pisco,0.986976206302643,0.0032238290046858
550152,-79520.8290091782,-480440.460634045,Cenozoico,Marino,Formación Pisco,0.987551152706146,0.00429199610828645
550153,-77520.049323369,-480440.460634045,Cenozoico,Marino,Formación Pisco,0.978858828544617,0.00364135415323648
550849,-77520.049323369,-482439.996089275,Cenozoico,Marino,Formación Pisco,0.984525263309479,0.00266626248020202
551541,-85523.1680666059,-484439.531544506,Cenozoico,Marino,Formación Pisco,0.971646726131439,0.0138631436601559
551542,-83522.3883807966,-484439.531544506,Cenozoico,Marino,Formación Pisco,0.969337642192841,0.0119593677494535
551544,-79520.8290091782,-484439.531544506,Cenozoico,Marino,Formación Pisco,0.945625007152557,0.0153747541998373
551545,-77520.049323369,-484439.531544506,Cenozoico,Marino,Formación Pisco,0.985656142234802,0.00324650900293791
551551,-65515.3712085136,-484439.531544506,Cenozoico,Marino,Formación Pisco,0.985250949859619,0.00293176357210034
552238,-83522.3883807966,-486439.066999736,Cenozoico,Marino,Formación Pisco,0.97250372171402,0.0056700131294946
552240,-79520.8290091782,-486439.066999736,Cenozoico,Marino,Formación Pisco,0.971805453300476,0.0068324070268001
552241,-77520.049323369,-486439.066999736,Cenozoico,Marino,Formación Pisco,0.987891793251038,0.00487326556031934
552242,-75519.2696375597,-486439.066999736,Cenozoico,Marino,Formación Pisco,0.977813482284546,0.00438331442772492
552933,-85523.1680666059,-488438.602454966,Cenozoico,Marino,Formación Pisco,0.971404373645782,0.0142199329912151
552934,-83522.3883807966,-488438.602454966,Cenozoico,Marino,Formación Pisco,0.974781632423401,0.00764905601003284
552937,-77520.049323369,-488438.602454966,Cenozoico,Marino,Formación Pisco,0.986885905265808,0.00342678010036112
552938,-75519.2696375597,-488438.602454966,Cenozoico,Marino,Formación Pisco,0.982904672622681,0.00264886205693589
552943,-65515.3712085136,-488438.602454966,Cenozoico,Marino,Formación Pisco,0.985841929912567,0.00219514493932399
553629,-85523.1680666059,-490438.137910196,Cenozoico,Marino,Formación Pisco,0.983433127403259,0.013985693450551
553631,-81521.6086949874,-490438.137910196,Cenozoico,Marino,Formación Pisco,0.973772525787354,0.00620858923176411
553633,-77520.049323369,-490438.137910196,Cenozoico,Marino,Formación Pisco,0.985108196735382,0.00462952195203676
553634,-75519.2696375597,-490438.137910196,Cenozoico,Marino,Formación Pisco,0.987727880477905,0.00678271354559428
553639,-65515.3712085136,-490438.137910196,Cenozoico,Marino,Formación Pisco,0.973809242248535,0.00260437454288503
553640,-63514.5915227044,-490438.137910196,Cenozoico,Marino,Formación Pisco,0.978608548641205,0.00384934559266184
553641,-61513.8118368952,-490438.137910196,Cenozoico,Marino,Formación Pisco,0.968187630176544,0.00539619462285332
554326,-83522.3883807966,-492437.673365426,Cenozoico,Marino,Formación Pisco,0.987366557121277,0.0145421923807741
554327,-81521.6086949874,-492437.673365426,Cenozoico,Marino,Formación Pisco,0.975529313087463,0.00681680501926498
554328,-79520.8290091782,-492437.673365426,Cenozoico,Marino,Formación Pisco,0.975529313087463,0.00414425645480137
554329,-77520.049323369,-492437.673365426,Cenozoico,Marino,Formación Pisco,0.984922528266907,0.00331430231350313
554330,-75519.2696375597,-492437.673365426,Cenozoico,Marino,Formación Pisco,0.987604022026062,0.00404468518239856
554331,-73518.4899517505,-492437.673365426,Cenozoico,Marino,Formación Pisco,0.968757212162018,0.00291057499233709
554335,-65515.3712085136,-492437.673365426,Cenozoico,Marino,Formación Pisco,0.985841929912567,0.00234534624917807
554336,-63514.5915227044,-492437.673365426,Cenozoico,Marino,Formación Pisco,0.980605661869049,0.00416427694875839
554337,-61513.8118368952,-492437.673365426,Cenozoico,Marino,Formación Pisco,0.967048406600952,0.00718409747792406
555023,-81521.6086949874,-494437.208820656,Cenozoico,Marino,Formación Pisco,0.98752635717392,0.0114990908699722
555024,-79520.8290091782,-494437.208820656,Cenozoico,Marino,Formación Pisco,0.976678311824799,0.011033904269029
555026,-75519.2696375597,-494437.208820656,Cenozoico,Marino,Formación Pisco,0.984203219413757,0.00306695740310502
555027,-73518.4899517505,-494437.208820656,Cenozoico,Marino,Formación Pisco,0.975253522396088,0.00275031374764956
555028,-71517.7102659413,-494437.208820656,Cenozoico,Marino,Formación Pisco,0.981277883052826,0.00657705394818443
555032,-63514.5915227044,-494437.208820656,Cenozoico,Marino,Formación Pisco,0.987038135528564,0.00354996734300741
555718,-83522.3883807966,-496436.744275886,Cenozoico,Marino,Formación Pisco,0.985000848770142,0.0135191353418756
555720,-79520.8290091782,-496436.744275886,Cenozoico,Marino,Formación Pisco,0.986976206302643,0.00545408016455402
555721,-77520.049323369,-496436.744275886,Cenozoico,Marino,Formación Pisco,0.987702906131744,0.00333524617258912
555723,-73518.4899517505,-496436.744275886,Cenozoico,Marino,Formación Pisco,0.975314080715179,0.00235125710074962
555728,-63514.5915227044,-496436.744275886,Cenozoico,Marino,Formación Pisco,0.986205160617828,0.00588718430663168
556417,-77520.049323369,-498436.279731117,Cenozoico,Marino,Formación Pisco,0.985506892204285,0.00396363926486682
556418,-75519.2696375597,-498436.279731117,Cenozoico,Marino,Formación Pisco,0.98892468214035,0.00372738386678086
556419,-73518.4899517505,-498436.279731117,Cenozoico,Marino,Formación Pisco,0.975569069385529,0.00580682223980789
556420,-71517.7102659413,-498436.279731117,Cenozoico,Marino,Formación Pisco,0.983577489852905,0.00573674702295603
556423,-65515.3712085136,-498436.279731117,Cenozoico,Continental,Formación Chilcatay,0.979704618453979,0.00938861352361346
556424,-63514.5915227044,-498436.279731117,Cenozoico,Marino,Formación Pisco,0.985754609107971,0.00481268607655152
556426,-59513.032151086,-498436.279731117,Cenozoico,Marino,Formación Pisco,0.981445252895355,0.0064325563721855
556427,-57512.2524652768,-498436.279731117,Cenozoico,Marino,Formación Pisco,0.972575426101685,0.0158834001871084
557112,-79520.8290091782,-500435.815186347,Cenozoico,Marino,Formación Pisco,0.983210206031799,0.0128115887605781
557113,-77520.049323369,-500435.815186347,Cenozoico,Marino,Formación Pisco,0.986887276172638,0.00935494149057531
557114,-75519.2696375597,-500435.815186347,Cenozoico,Marino,Formación Pisco,0.988416075706482,0.00493891658113913
557115,-73518.4899517505,-500435.815186347,Cenozoico,Marino,Formación Pisco,0.985420167446136,0.00282965339757206
557116,-71517.7102659413,-500435.815186347,Cenozoico,Marino,Formación Pisco,0.981931447982788,0.00281084589195454
557117,-69516.9305801321,-500435.815186347,Cenozoico,Continental,Formación Chilcatay,0.978838980197906,0.0112516887951711
557119,-65515.3712085136,-500435.815186347,Cenozoico,Continental,Formación Chilcatay,0.965978026390076,0.0141722431191291
557120,-63514.5915227044,-500435.815186347,Cenozoico,Marino,Formación Pisco,0.982511341571808,0.011409236525602
557121,-61513.8118368952,-500435.815186347,Cenozoico,Marino,Formación Pisco,0.988507270812988,0.00361687059468731
557122,-59513.032151086,-500435.815186347,Cenozoico,Marino,Formación Pisco,0.974602580070496,0.00802770185789882
557808,-79520.8290091782,-502435.350641577,Cenozoico,Marino,Formación Pisco,0.981632113456726,0.00828928889585963
557809,-77520.049323369,-502435.350641577,Cenozoico,Marino,Formación Pisco,0.985731542110443,0.0103878562091031
557810,-75519.2696375597,-502435.350641577,Cenozoico,Marino,Formación Pisco,0.985641181468964,0.00520110442694725
557811,-73518.4899517505,-502435.350641577,Cenozoico,Marino,Formación Pisco,0.987234771251678,0.00602648449358303
557812,-71517.7102659413,-502435.350641577,Cenozoico,Marino,Formación Pisco,0.978324830532074,0.0026732822615734
557813,-69516.9305801321,-502435.350641577,Cenozoico,Continental,Formación Chilcatay,0.984076917171478,0.00264545702657133
557815,-65515.3712085136,-502435.350641577,Cenozoico,Continental,Formación Chilcatay,0.97175544500351,0.0126128129715429
557816,-63514.5915227044,-502435.350641577,Cenozoico,Marino,Formación Pisco,0.980526030063629,0.00242901884081522
557817,-61513.8118368952,-502435.350641577,Cenozoico,Marino,Formación Pisco,0.977774024009705,0.00346173127251494
557818,-59513.032151086,-502435.350641577,Cenozoico,Marino,Formación Pisco,0.975544333457947,0.00882563153001176
557819,-57512.2524652768,-502435.350641577,Cenozoico,Marino,Formación Pisco,0.973809242248535,0.0123963628725152
558504,-79520.8290091782,-504434.886096807,Cenozoico,Marino,Formación Pisco,0.981632113456726,0.00956837249933805
558505,-77520.049323369,-504434.886096807,Cenozoico,Marino,Formación Pisco,0.983062624931335,0.0114819248471089
558506,-75519.2696375597,-504434.886096807,Cenozoico,Marino,Formación Pisco,0.987393379211426,0.00688256134436007
558507,-73518.4899517505,-504434.886096807,Cenozoico,Marino,Formación Pisco,0.985721468925476,0.00434738108850249
558508,-71517.7102659413,-504434.886096807,Cenozoico,Continental,Formación Chilcatay,0.986167967319489,0.00223597026182482
558509,-69516.9305801321,-504434.886096807,Cenozoico,Continental,Formación Chilcatay,0.987255692481995,0.00317677748832884
558510,-67516.1508943229,-504434.886096807,Cenozoico,Continental,Formación Chilcatay,0.968998670578003,0.00977221299450603
558511,-65515.3712085136,-504434.886096807,Cenozoico,Continental,Formación Chilcatay,0.982275128364563,0.00547798183796249
558512,-63514.5915227044,-504434.886096807,Cenozoico,Marino,Formación Pisco,0.986928820610046,0.00264585784779463
558514,-59513.032151086,-504434.886096807,Cenozoico,Marino,Formación Pisco,0.976756572723389,0.0156065354779028
559200,-79520.8290091782,-506434.421552037,Cenozoico,Marino,Formación Pisco,0.984404861927032,0.0126623486289804
559201,-77520.049323369,-506434.421552037,Cenozoico,Marino,Formación Pisco,0.985701322555542,0.013868575816677
559202,-75519.2696375597,-506434.421552037,Cenozoico,Marino,Formación Pisco,0.987508237361908,0.012663630756289
559203,-73518.4899517505,-506434.421552037,Cenozoico,Marino,Formación Pisco,0.988255500793457,0.00756254119227734
559204,-71517.7102659413,-506434.421552037,Cenozoico,Continental,Formación Chilcatay,0.985782146453857,0.0020307454300052
559205,-69516.9305801321,-506434.421552037,Cenozoico,Continental,Formación Chilcatay,0.986238241195679,0.00128826701204096
559206,-67516.1508943229,-506434.421552037,Cenozoico,Continental,Formación Chilcatay,0.980340600013733,0.00488260221654979
559207,-65515.3712085136,-506434.421552037,Cenozoico,Continental,Formación Chilcatay,0.980795919895172,0.00610555366879539
559208,-63514.5915227044,-506434.421552037,Cenozoico,Marino,Formación Pisco,0.983217239379883,0.00293016765342248
559209,-61513.8118368952,-506434.421552037,Cenozoico,Marino,Formación Pisco,0.984911203384399,0.0112429987020438
559210,-59513.032151086,-506434.421552037,Cenozoico,Marino,Formación Pisco,0.97660893201828,0.0122719594891429
559896,-79520.8290091782,-508433.957007267,Cenozoico,Marino,Formación Pisco,0.972543179988861,0.0135815207353868
559897,-77520.049323369,-508433.957007267,Cenozoico,Marino,Formación Pisco,0.987062275409698,0.0121445366659786
559898,-75519.2696375597,-508433.957007267,Cenozoico,Marino,Formación Pisco,0.987551152706146,0.0138575950156769
559899,-73518.4899517505,-508433.957007267,Cenozoico,Marino,Formación Pisco,0.98601496219635,0.00785372202310222
559900,-71517.7102659413,-508433.957007267,Cenozoico,Continental,Formación Chilcatay,0.988855421543121,0.0012966413690309
559901,-69516.9305801321,-508433.957007267,Cenozoico,Continental,Formación Chilcatay,0.986590504646301,0.00164315318887088
559902,-67516.1508943229,-508433.957007267,Cenozoico,Continental,Formación Chilcatay,0.988040924072266,0.00452445230418065
559903,-65515.3712085136,-508433.957007267,Cenozoico,Continental,Formación Chilcatay,0.97496086359024,0.0112232521221042
559904,-63514.5915227044,-508433.957007267,Cenozoico,Continental,Formación Chilcatay,0.975322484970093,0.0063730716228808
559905,-61513.8118368952,-508433.957007267,Cenozoico,Marino,Formación Pisco,0.984911203384399,0.00883294506435061
559912,-47508.3540362306,-508433.957007267,Cenozoico,Marino,Formación Pisco,0.985733032226562,0.0117593848480868
559925,-21498.2181207107,-508433.957007267,Cenozoico,Continental,Formación Cañete,0.965172648429871,0.018172536680996
560592,-79520.8290091782,-510433.492462498,Cenozoico,Marino,Formación Pisco,0.986929178237915,0.0139832205914758
560593,-77520.049323369,-510433.492462498,Cenozoico,Marino,Formación Pisco,0.985158026218414,0.0137993387670834
560594,-75519.2696375597,-510433.492462498,Cenozoico,Marino,Formación Pisco,0.972543179988861,0.0114644719622792
560595,-73518.4899517505,-510433.492462498,Cenozoico,Marino,Formación Pisco,0.987590670585632,0.0115794798131744
560596,-71517.7102659413,-510433.492462498,Cenozoico,Marino,Formación Pisco,0.988255500793457,0.00827985477483558
560597,-69516.9305801321,-510433.492462498,Cenozoico,Continental,Formación Chilcatay,0.9857417345047,0.00215984921687679
560598,-67516.1508943229,-510433.492462498,Cenozoico,Continental,Formación Chilcatay,0.981089174747467,0.015226727388687
560599,-65515.3712085136,-510433.492462498,Cenozoico,Transicional,Grupo Los Choros - Formación Yumaque,0.981192052364349,0.016597737331795
560600,-63514.5915227044,-510433.492462498,Cenozoico,Continental,Formación Chilcatay,0.979285180568695,0.0089385098532006
560601,-61513.8118368952,-510433.492462498,Cenozoico,Marino,Formación Pisco,0.975217998027802,0.0151907205244536
561288,-79520.8290091782,-512433.027917728,Cenozoico,Marino,Formación Pisco,0.983674943447113,0.0160848643249713
561289,-77520.049323369,-512433.027917728,Cenozoico,Marino,Formación Pisco,0.986054480075836,0.0116750558032295
561290,-75519.2696375597,-512433.027917728,Cenozoico,Marino,Formación Pisco,0.971251308917999,0.0130531609554701
561291,-73518.4899517505,-512433.027917728,Cenozoico,Marino,Formación Pisco,0.987508237361908,0.00895385158465253
561292,-71517.7102659413,-512433.027917728,Cenozoico,Marino,Formación Pisco,0.987851560115814,0.00626077704754894
561293,-69516.9305801321,-512433.027917728,Cenozoico,Continental,Formación Chilcatay,0.98637056350708,0.00127567864194447
561294,-67516.1508943229,-512433.027917728,Cenozoico,Transicional,Grupo Los Choros - Formación Yumaque,0.981409311294556,0.0136312385955642
561295,-65515.3712085136,-512433.027917728,Cenozoico,Transicional,Grupo Los Choros - Formación Yumaque,0.984223067760468,0.00935157560779678
561296,-63514.5915227044,-512433.027917728,Cenozoico,Continental,Formación Chilcatay,0.988356292247772,0.00457819011888847
561302,-51509.9134078491,-512433.027917728,Cenozoico,Marino,Formación Pisco,0.977952420711517,0.0167557521463176
561303,-49509.1337220398,-512433.027917728,Cenozoico,Marino,Formación Pisco,0.977602660655975,0.0142008235182642
561311,-33502.8962355661,-512433.027917728,Cenozoico,Marino,Formación Pisco,0.988269329071045,0.00534027746665207
561980,-87523.9477524151,-514432.563372958,Cenozoico,Sin dato,Formación Pisco,0.939115107059479,0.0156432332710474
561984,-79520.8290091782,-514432.563372958,Cenozoico,Marino,Formación Pisco,0.985572755336761,0.011699226106033
561985,-77520.049323369,-514432.563372958,Cenozoico,Marino,Formación Pisco,0.983287453651428,0.0120573132993423
561986,-75519.2696375597,-514432.563372958,Cenozoico,Marino,Formación Pisco,0.971196532249451,0.0104316166432989
561987,-73518.4899517505,-514432.563372958,Cenozoico,Marino,Formación Pisco,0.987508237361908,0.00816825290838598
561988,-71517.7102659413,-514432.563372958,Cenozoico,Marino,Formación Pisco,0.986509740352631,0.00238082555496215
561989,-69516.9305801321,-514432.563372958,Cenozoico,Continental,Formación Chilcatay,0.98708039522171,0.000936311294821864
561990,-67516.1508943229,-514432.563372958,Cenozoico,Transicional,Grupo Los Choros - Formación Yumaque,0.980351269245148,0.0143130432979686
561991,-65515.3712085136,-514432.563372958,Cenozoico,Transicional,Grupo Los Choros - Formación Yumaque,0.987380385398865,0.00487631252161421
561992,-63514.5915227044,-514432.563372958,Cenozoico,Transicional,Formación Los Choros,0.988960146903992,0.0104322867303292
561997,-53510.6930936583,-514432.563372958,Cenozoico,Marino,Formación Pisco,0.985521793365479,0.0136911628261406
562681,-77520.049323369,-516432.098828188,Cenozoico,Continental,Formación Chilcatay,0.972873866558075,0.0171592928017877
562682,-75519.2696375597,-516432.098828188,Cenozoico,Continental,Formación Chilcatay,0.984463095664978,0.00558152876373637
562683,-73518.4899517505,-516432.098828188,Cenozoico,Marino,Formación Pisco,0.985861301422119,0.00976849979723948
562684,-71517.7102659413,-516432.098828188,Cenozoico,Continental,Formación Chilcatay,0.983764350414276,0.00145444809800804
562685,-69516.9305801321,-516432.098828188,Cenozoico,Transicional,Grupo Los Choros - Formación Yumaque,0.987994432449341,0.00152784940852628
562687,-65515.3712085136,-516432.098828188,Cenozoico,Transicional,Grupo Los Choros - Formación Yumaque,0.984655499458313,0.00403275619988986
562693,-53510.6930936583,-516432.098828188,Cenozoico,Marino,Formación Pisco,0.985669374465942,0.00765244044743665
562694,-51509.9134078491,-516432.098828188,Cenozoico,Marino,Formación Pisco,0.977211713790894,0.0159036516769965
562695,-49509.1337220398,-516432.098828188,Cenozoico,Marino,Formación Pisco,0.983674943447113,0.0142922562314612
563369,-93526.2868098427,-518431.634283418,Cenozoico,Sin dato,Océano Pacífico,0.952644050121307,0.0138289502936349
563381,-69516.9305801321,-518431.634283418,Cenozoico,Transicional,Formación Los Choros,0.987056136131287,0.00823352544872988
563382,-67516.1508943229,-518431.634283418,Cenozoico,Transicional,Formación Los Choros,0.983578324317932,0.00687372891845749
563383,-65515.3712085136,-518431.634283418,Cenozoico,Transicional,Formación Los Choros,0.984413087368011,0.0154314597011891
563384,-63514.5915227044,-518431.634283418,Cenozoico,Transicional,Grupo Los Choros - Formación Yumaque,0.989111363887787,0.00854486457736928
563385,-61513.8118368952,-518431.634283418,Cenozoico,Continental,Formación Chilcatay,0.987124741077423,0.00997195788643264
563386,-59513.032151086,-518431.634283418,Cenozoico,Continental,Formación Chilcatay,0.987366557121277,0.0145097458018859
563388,-55511.4727794675,-518431.634283418,Cenozoico,Marino,Formación Pisco,0.985463678836823,0.0107941971893683
563389,-53510.6930936583,-518431.634283418,Cenozoico,Marino,Formación Pisco,0.977768540382385,0.0147495939994083
563399,-33502.8962355661,-518431.634283418,Cenozoico,Marino,Formación Pisco,0.98548549413681,0.00920048246589143
563401,-29501.3368639476,-518431.634283418,Cenozoico,Marino,Formación Pisco,0.985278606414795,0.0135652355943453
563404,-23498.99780652,-518431.634283418,Cenozoico,Marino,Formación Pisco,0.988467991352081,0.00336948935270089
564077,-69516.9305801321,-520431.169738648,Cenozoico,Transicional,Formación Los Choros,0.975069165229797,0.017028187426492
564081,-61513.8118368952,-520431.169738648,Cenozoico,Transicional,Grupo Los Choros - Formación Yumaque,0.987203299999237,0.0108614647382375
564083,-57512.2524652768,-520431.169738648,Cenozoico,Continental,Formación Chilcatay,0.989123702049255,0.00835806329712782
564084,-55511.4727794675,-520431.169738648,Cenozoico,Marino,Formación Pisco,0.980032742023468,0.0123937192860615
564085,-53510.6930936583,-520431.169738648,Cenozoico,Marino,Formación Pisco,0.982787787914276,0.0164490304405567
564098,-27500.5571781384,-520431.169738648,Cenozoico,Marino,Formación Pisco,0.98502904176712,0.00487651408846107
564776,-63514.5915227044,-522430.705193878,Cenozoico,Transicional,Grupo Los Choros - Formación Yumaque,0.988980889320374,0.00922527746707167
564779,-57512.2524652768,-522430.705193878,Cenozoico,Marino,Formación Pisco,0.984592854976654,0.0133442655113023
564780,-55511.4727794675,-522430.705193878,Cenozoico,Marino,Formación Pisco,0.986301898956299,0.00775444175878511
564781,-53510.6930936583,-522430.705193878,Cenozoico,Marino,Formación Pisco,0.984025299549103,0.0180156705818143
565474,-59513.032151086,-524430.240649109,Cenozoico,Continental,Formación Chilcatay,0.984866678714752,0.0156669030333052
565475,-57512.2524652768,-524430.240649109,Cenozoico,Continental,Formación Chilcatay,0.989041864871979,0.0135773814411732
565476,-55511.4727794675,-524430.240649109,Cenozoico,Marino,Formación Pisco,0.989644408226013,0.0064941374523097
565477,-53510.6930936583,-524430.240649109,Cenozoico,Marino,Formación Pisco,0.984021604061127,0.00699010791912688
565484,-39505.2352929937,-524430.240649109,Cenozoico,Marino,Formación Pisco,0.979996204376221,0.0174339820512228
565488,-31502.1165497568,-524430.240649109,Cenozoico,Marino,Formación Pisco,0.986157774925232,0.0126563364810308
565489,-29501.3368639476,-524430.240649109,Cenozoico,Marino,Formación Pisco,0.984043419361115,0.00699358624441618
565492,-23498.99780652,-524430.240649109,Cenozoico,Marino,Formación Pisco,0.986688554286957,0.00700965631156642
566166,-67516.1508943229,-526429.776104339,Cenozoico,Transicional,Grupo Los Choros - Formación Yumaque,0.98829984664917,0.00874805193443931
566170,-59513.032151086,-526429.776104339,Cenozoico,Continental,Formación Chilcatay,0.989652097225189,0.00516843026992596
566171,-57512.2524652768,-526429.776104339,Cenozoico,Continental,Formación Chilcatay,0.98934268951416,0.008247190061186
566172,-55511.4727794675,-526429.776104339,Cenozoico,Continental,Formación Chilcatay,0.987632751464844,0.00421499635549102
566173,-53510.6930936583,-526429.776104339,Cenozoico,Marino,Formación Pisco,0.98224949836731,0.00713638260260627
566184,-31502.1165497568,-526429.776104339,Cenozoico,Marino,Formación Pisco,0.984859883785248,0.00683072617696239
566186,-27500.5571781384,-526429.776104339,Cenozoico,Marino,Formación Pisco,0.985512316226959,0.00781910276634099
566868,-55511.4727794675,-528429.311559569,Cenozoico,Continental,Formación Chilcatay,0.988895893096924,0.00896350660986388
566869,-53510.6930936583,-528429.311559569,Cenozoico,Marino,Formación Pisco,0.988250374794006,0.00504095681237152
567563,-57512.2524652768,-530428.847014799,Cenozoico,Continental,Formación Chilcatay,0.987962961196899,0.00507625062557325
567565,-53510.6930936583,-530428.847014799,Cenozoico,Continental,Formación Chilcatay,0.989396274089813,0.00335543067523365
567569,-45507.5743504214,-530428.847014799,Cenozoico,Marino,Formación Pisco,0.986231863498688,0.016597532754742
567575,-33502.8962355661,-530428.847014799,Cenozoico,Marino,Formación Pisco,0.985951006412506,0.0113410275754215
567584,-15495.8790632831,-530428.847014799,Cenozoico,Marino,Formación Pisco,0.968309640884399,0.0174476674705926
567585,-13495.0993774738,-530428.847014799,Cenozoico,Marino,Formación Pisco,0.968967199325562,0.0121966690247972
567586,-11494.3196916646,-530428.847014799,Cenozoico,Marino,Formación Pisco,0.973175823688507,0.0172246609927325
568257,-61513.8118368952,-532428.382470029,Cenozoico,Transicional,Grupo Los Choros - Formación Yumaque,0.993671178817749,0.00623983234955372
568258,-59513.032151086,-532428.382470029,Cenozoico,Transicional,Grupo Los Choros - Formación Yumaque,0.986177921295166,0.00798077961990909
568259,-57512.2524652768,-532428.382470029,Cenozoico,Continental,Formación Chilcatay,0.985059142112732,0.0110998896366382
568260,-55511.4727794675,-532428.382470029,Cenozoico,Continental,Formación Chilcatay,0.989280879497528,0.00530224593371204
568261,-53510.6930936583,-532428.382470029,Cenozoico,Continental,Formación Chilcatay,0.987046480178833,0.0164563554806623
568262,-51509.9134078491,-532428.382470029,Cenozoico,Marino,Formación Pisco,0.987920522689819,0.0129063541583688
568266,-43506.7946646122,-532428.382470029,Cenozoico,Marino,Formación Pisco,0.985472500324249,0.0123648567056005
568271,-33502.8962355661,-532428.382470029,Cenozoico,Marino,Formación Pisco,0.987508237361908,0.0128541076840569
568274,-27500.5571781384,-532428.382470029,Cenozoico,Marino,Formación Pisco,0.973317265510559,0.0163955598735655
568279,-17496.6587490923,-532428.382470029,Cenozoico,Marino,Formación Pisco,0.980211496353149,0.0173666582056545
568283,-9493.54000585539,-532428.382470029,Cenozoico,Continental,Formación Changuillo,0.924093842506409,0.00586809325007153
568285,-5491.98063423694,-532428.382470029,Cenozoico,Continental,Formación Changuillo,0.922963976860046,0.0132747481676175
568286,-3491.20094842772,-532428.382470029,Cenozoico,Continental,Formación Changuillo,0.919134736061096,0.0179649326735327
568951,-65515.3712085136,-534427.917925259,Cenozoico,Transicional,Grupo Los Choros - Formación Yumaque,0.979874312877655,0.0134443156528095
568953,-61513.8118368952,-534427.917925259,Cenozoico,Transicional,Grupo Los Choros - Formación Yumaque,0.991534292697906,0.00776163180388362
568955,-57512.2524652768,-534427.917925259,Cenozoico,Continental,Formación Chilcatay,0.991633057594299,0.00247275016779241
568956,-55511.4727794675,-534427.917925259,Cenozoico,Continental,Formación Chilcatay,0.988649725914001,0.0153076242521004
568957,-53510.6930936583,-534427.917925259,Cenozoico,Marino,Formación Pisco,0.988166749477386,0.00742511738654104
568958,-51509.9134078491,-534427.917925259,Cenozoico,Marino,Formación Pisco,0.989126861095428,0.00802280824638102
568959,-49509.1337220398,-534427.917925259,Cenozoico,Marino,Formación Pisco,0.985669374465942,0.0130893299647027
568962,-43506.7946646122,-534427.917925259,Cenozoico,Marino,Formación Pisco,0.974063634872437,0.0129788032050939
568974,-19497.4384349015,-534427.917925259,Cenozoico,Marino,Formación Pisco,0.981615006923676,0.0115617599807595
568975,-17496.6587490923,-534427.917925259,Cenozoico,Marino,Formación Pisco,0.976966977119446,0.0138639192394841
569649,-61513.8118368952,-536427.453380489,Cenozoico,Transicional,Grupo Los Choros - Formación Yumaque,0.983184039592743,0.016110336256246
569652,-55511.4727794675,-536427.453380489,Cenozoico,Continental,Formación Chilcatay,0.986853837966919,0.0123653659346686
569653,-53510.6930936583,-536427.453380489,Cenozoico,Marino,Formación Pisco,0.989077687263489,0.00994603134935361
569654,-51509.9134078491,-536427.453380489,Cenozoico,Marino,Formación Pisco,0.987115263938904,0.0123334713982734
570350,-51509.9134078491,-538426.98883572,Cenozoico,Marino,Formación Pisco,0.9855877161026,0.0176381787190826
570352,-47508.3540362306,-538426.98883572,Cenozoico,Marino,Formación Pisco,0.988084852695465,0.00931542590239861
570353,-45507.5743504214,-538426.98883572,Cenozoico,Marino,Formación Pisco,0.983355224132538,0.0106612358783373
571049,-45507.5743504214,-540426.52429095,Cenozoico,Marino,Formación Pisco,0.98353773355484,0.0126044841774541
571058,-27500.5571781384,-540426.52429095,Cenozoico,Marino,Formación Pisco,0.987551152706146,0.0183588488247794
571068,-7492.76032004616,-540426.52429095,Cenozoico,Marino,Formación Pisco,0.977585673332214,0.0144927105939542
571744,-47508.3540362306,-542426.05974618,Cenozoico,Continental,Formación Cañete,0.961519658565521,0.0143011308543881
572457,-13495.0993774738,-544425.59520141,Cenozoico,Continental,Formación Changuillo,0.933236598968506,0.0156395605395101
572460,-7492.76032004616,-544425.59520141,Cenozoico,Marino,Formación Pisco,0.976322054862976,0.0161375670523605
573154,-11494.3196916646,-546425.13065664,Cenozoico,Continental,Formación Changuillo,0.936782360076904,0.0176358524315044
573155,-9493.54000585539,-546425.13065664,Cenozoico,Marino,Formación Pisco,0.966508209705353,0.0155351497599369
573835,-41506.014978803,-548424.66611187,Cenozoico,Marino,Formación Pisco,0.979375541210175,0.0116688548514609
574527,-49509.1337220398,-550424.2015671,Cenozoico,Marino,Formación Pisco,0.974754214286804,0.0148834955796837
574550,-3491.20094842772,-550424.2015671,Cenozoico,Continental,Formación Changuillo,0.918946504592896,0.0118157548391973
575227,-41506.014978803,-552423.737022331,Cenozoico,Marino,Formación Pisco,0.984988570213318,0.0112162307122453
575242,-11494.3196916646,-552423.737022331,Cenozoico,Marino,Formación Pisco,0.986940681934357,0.00814997161774307
576641,2511.13810899995,-556422.807932791,Mesozoico,Continental,Grupo Casma - Formación Copara - Miembro Espinos,0.954836905002594,0.00836993539004008
577336,510.358423190728,-558422.343388021,Mesozoico,Continental,Grupo Casma - Formación Copara - Miembro Espinos,0.966077208518982,0.00603144825467092
577337,2511.13810899995,-558422.343388021,Mesozoico,Continental,Grupo Casma - Formación Copara - Miembro Espinos,0.939112961292267,0.011704987901756
580803,-25499.7774923292,-568420.020664172,Cenozoico,Marino,Formación Pisco,0.976854622364044,0.0150951641433774
584285,-21498.2181207107,-578417.697940323,Cenozoico,Marino,Formación Pisco,0.988537669181824,0.0132589129381085
584981,-21498.2181207107,-580417.233395553,Cenozoico,Marino,Formación Pisco,0.992970049381256,0.00326616421496066
584982,-19497.4384349015,-580417.233395553,Cenozoico,Marino,Formación Pisco,0.985650241374969,0.00429200444830611
585678,-19497.4384349015,-582416.768850783,Cenozoico,Marino,Formación Pisco,0.988960564136505,0.00321299190529229
585680,-15495.8790632831,-582416.768850783,Cenozoico,Marino,Formación Pisco,0.982541918754578,0.0034223389193274
586373,-21498.2181207107,-584416.304306013,Cenozoico,Marino,Formación Pisco,0.992801070213318,0.00214031594727523
586375,-17496.6587490923,-584416.304306013,Cenozoico,Marino,Formación Pisco,0.985592544078827,0.00352866811813432
587073,-13495.0993774738,-586415.839761243,Cenozoico,Marino,Formación Pisco,0.982529282569885,0.00476757196814934
587074,-11494.3196916646,-586415.839761243,Paleozoico_o_mas,Marino,Formación San Juan - Miembro San Fernando,0.942729949951172,0.0122823987479525
588464,-15495.8790632831,-590414.910671704,Paleozoico_o_mas,Marino,Formación San Juan - Miembro San Fernando,0.977624773979187,0.00394405131861923
589160,-15495.8790632831,-592414.446126934,Cenozoico,Marino,Formación Pisco,0.992962539196014,0.00174209902476888
589161,-13495.0993774738,-592414.446126934,Cenozoico,Marino,Formación Pisco,0.993436217308044,0.00170453028074702
589162,-11494.3196916646,-592414.446126934,Cenozoico,Marino,Formación Pisco,0.98663991689682,0.00455559059729293
589855,-17496.6587490923,-594413.981582164,Paleozoico_o_mas,Marino,Formación San Juan - Miembro San Fernando,0.973133146762848,0.00401340056108303
589856,-15495.8790632831,-594413.981582164,Cenozoico,Marino,Formación Pisco,0.987386167049408,0.00414816454956666
589857,-13495.0993774738,-594413.981582164,Cenozoico,Marino,Formación Pisco,0.99221259355545,0.00200607140926321
589870,12515.0365380461,-594413.981582164,Cenozoico,Marino,Formación Pisco,0.97506046295166,0.00639950154255699
590552,-15495.8790632831,-596413.517037394,Paleozoico_o_mas,Marino,Formación San Juan - Miembro San Fernando,0.968012750148773,0.00405086547476592
590556,-7492.76032004616,-596413.517037394,Cenozoico,Marino,Formación Pisco,0.985688805580139,0.00360237305973794
590566,12515.0365380461,-596413.517037394,Cenozoico,Marino,Formación Pisco,0.9754438996315,0.00765866629884124
591253,-5491.98063423694,-598413.052492624,Cenozoico,Marino,Formación Pisco,0.986026644706726,0.0036574132071852
591258,4511.91779480917,-598413.052492624,Cenozoico,Continental,Depósito aluvial,0.917669713497162,0.0177726948678551
591260,8513.47716642762,-598413.052492624,Cenozoico,Marino,Formación Pisco,0.98662656545639,0.00504493575187518
591262,12515.0365380461,-598413.052492624,Cenozoico,Marino,Formación Pisco,0.984438478946686,0.00499030152273159
591957,10514.2568522368,-600412.587947854,Cenozoico,Continental,Depósito aluvial,0.917325437068939,0.0171074254281794
591958,12515.0365380461,-600412.587947854,Cenozoico,Marino,Formación Pisco,0.986714780330658,0.00432183985769861
591959,14515.8162238553,-600412.587947854,Cenozoico,Marino,Formación Pisco,0.988758325576782,0.00284665557258446
591960,16516.5959096645,-600412.587947854,Cenozoico,Marino,Formación Pisco,0.982222020626068,0.00277026934877988
591961,18517.3755954737,-600412.587947854,Cenozoico,Marino,Formación Pisco,0.97379994392395,0.00643474384706635
592654,12515.0365380461,-602412.123403084,Cenozoico,Marino,Formación Pisco,0.98995578289032,0.00290205407525905
592655,14515.8162238553,-602412.123403084,Paleozoico_o_mas,Marino,Formación  San Juan,0.979234099388123,0.00635628088303043
592656,16516.5959096645,-602412.123403084,Cenozoico,Continental,Depósito eólico,0.919663667678833,0.0180983432059593
592657,18517.3755954737,-602412.123403084,Cenozoico,Marino,Formación Pisco,0.989599585533142,0.00247109709531433
592658,20518.155281283,-602412.123403084,Cenozoico,Marino,Formación Pisco,0.980463087558746,0.0060439876783365
592659,22518.9349670922,-602412.123403084,Cenozoico,Marino,Formación Pisco,0.978907763957977,0.00578714777257587
593345,2511.13810899995,-604411.658858315,Paleozoico_o_mas,Marino,Formación San Juan - Miembro San Fernando,0.95442920923233,0.0155286488676319
593350,12515.0365380461,-604411.658858315,Cenozoico,Marino,Formación Pisco,0.988213121891022,0.00322023088565887
593351,14515.8162238553,-604411.658858315,Cenozoico,Marino,Formación Pisco,0.983601152896881,0.00245615950051196
593352,16516.5959096645,-604411.658858315,Cenozoico,Marino,Formación Pisco,0.985103011131287,0.00330061573356835
593353,18517.3755954737,-604411.658858315,Cenozoico,Marino,Formación Pisco,0.980205774307251,0.00560585500628374
593354,20518.155281283,-604411.658858315,Cenozoico,Marino,Formación Pisco,0.98456209897995,0.00178093309920786
593355,22518.9349670922,-604411.658858315,Cenozoico,Marino,Formación Pisco,0.988644361495972,0.0013904646364579
593356,24519.7146529014,-604411.658858315,Cenozoico,Marino,Formación Pisco,0.986183702945709,0.00734043540213923
594042,4511.91779480917,-606411.194313545,Paleozoico_o_mas,Marino,Formación San Juan - Miembro San Fernando,0.966480493545532,0.0167429750443249
594045,10514.2568522368,-606411.194313545,Cenozoico,Marino,Formación Pisco,0.988660931587219,0.00403943009930571
594046,12515.0365380461,-606411.194313545,Cenozoico,Marino,Formación Pisco,0.988699376583099,0.00337180935027804
594047,14515.8162238553,-606411.194313545,Cenozoico,Marino,Formación Pisco,0.984024226665497,0.00641727855143534
594048,16516.5959096645,-606411.194313545,Cenozoico,Marino,Formación Pisco,0.990134060382843,0.0032588344485945
594049,18517.3755954737,-606411.194313545,Cenozoico,Marino,Formación Pisco,0.993006825447083,0.00164332631590956
594050,20518.155281283,-606411.194313545,Cenozoico,Marino,Formación Pisco,0.993284940719604,0.00230878164433293
594051,22518.9349670922,-606411.194313545,Cenozoico,Marino,Formación Pisco,0.989052951335907,0.00253302598702859
594052,24519.7146529014,-606411.194313545,Cenozoico,Marino,Formación Pisco,0.990734100341797,0.00276922931880918
594053,26520.4943387106,-606411.194313545,Cenozoico,Marino,Formación Pisco,0.978598058223724,0.0132914563264776
594740,8513.47716642762,-608410.729768775,Cenozoico,Continental,Depósito marino,0.990154623985291,0.0154151398809834
594744,16516.5959096645,-608410.729768775,Cenozoico,Marino,Formación Pisco,0.991350769996643,0.00168967870504082
594745,18517.3755954737,-608410.729768775,Cenozoico,Marino,Formación Pisco,0.990205705165863,0.00523802423869635
594746,20518.155281283,-608410.729768775,Cenozoico,Marino,Formación Pisco,0.989243030548096,0.00458282876212249
594748,24519.7146529014,-608410.729768775,Cenozoico,Marino,Formación Pisco,0.988944530487061,0.0147694670644439
594749,26520.4943387106,-608410.729768775,Cenozoico,Marino,Formación Pisco,0.987041592597961,0.0174912264816697
594750,28521.2740245199,-608410.729768775,Cenozoico,Marino,Formación Pisco,0.983815968036652,0.0158504570192739
594755,38525.172453566,-608410.729768775,Cenozoico,Marino,Formación Pisco,0.980077505111694,0.0179328337262563
595439,14515.8162238553,-610410.265224005,Cenozoico,Continental,Depósito aluvial,0.95185112953186,0.0174178950998954
595440,16516.5959096645,-610410.265224005,Cenozoico,Continental,Depósito eólico,0.951084613800049,0.0169784609956942
595441,18517.3755954737,-610410.265224005,Cenozoico,Marino,Formación Pisco,0.992571532726288,0.00191233021920532
595442,20518.155281283,-610410.265224005,Cenozoico,Continental,Depósito eólico,0.970414102077484,0.0128073772638589
595443,22518.9349670922,-610410.265224005,Cenozoico,Marino,Formación Pisco,0.993866622447968,0.00190208121200423
595446,28521.2740245199,-610410.265224005,Cenozoico,Marino,Formación Pisco,0.987299621105194,0.01390543948981
596135,14515.8162238553,-612409.800679235,Cenozoico,Continental,Depósito marino,0.990723669528961,0.0132747854351146
596137,18517.3755954737,-612409.800679235,Cenozoico,Continental,Depósito residual,0.990294337272644,0.00791457762894034
596141,26520.4943387106,-612409.800679235,Cenozoico,Marino,Formación Pisco,0.986804604530334,0.0100995611226088
596142,28521.2740245199,-612409.800679235,Cenozoico,Marino,Formación Pisco,0.99041336774826,0.00538694247675286
596832,16516.5959096645,-614409.336134465,Cenozoico,Continental,Depósito eólico,0.958251595497131,0.0111664863578999
596833,18517.3755954737,-614409.336134465,Cenozoico,Continental,Depósito residual,0.981920659542084,0.00524724584449993
596836,24519.7146529014,-614409.336134465,Cenozoico,Marino,Formación Pisco,0.992571532726288,0.00595203071589871
596837,26520.4943387106,-614409.336134465,Cenozoico,Marino,Formación Pisco,0.98990273475647,0.0103779067450284
596839,30522.0537103291,-614409.336134465,Cenozoico,Marino,Formación Pisco,0.989870846271515,0.00639805732915731
597530,20518.155281283,-616408.871589695,Cenozoico,Continental,Depósito marino,0.990723669528961,0.0102327454930979
597536,32522.8333961383,-616408.871589695,Cenozoico,Marino,Formación Pisco,0.993478178977966,0.00337246501842421
597537,34523.6130819475,-616408.871589695,Cenozoico,Marino,Formación Pisco,0.990592658519745,0.00636228676606032
598232,32522.8333961383,-618408.407044926,Cenozoico,Marino,Formación Pisco,0.991663455963135,0.0051147171402398
598233,34523.6130819475,-618408.407044926,Paleozoico_o_mas,Marino,Formación San Juan,0.986008107662201,0.00582775696805326
598234,36524.3927677567,-618408.407044926,Cenozoico,Marino,Formación Pisco,0.984070062637329,0.0102777154049287
608000,80541.5458555597,-646401.903418148,Cenozoico,Continental,Depósito aluvial,0.943689405918121,0.0130741969429081
622648,144566.495801455,-688392.147977981,Paleozoico_o_mas,Sin dato,Unidad Playa Hermosa,0.949337244033813,0.01508492554027
633126,220596.123862205,-718385.179806433,Cenozoico,Marino,Formación Camaná,0.958809494972229,0.0144332895511204
634522,228599.242605442,-722384.250716893,Cenozoico,Marino,Formación Camaná,0.930252432823181,0.0119222885366088
637311,238603.141034488,-730382.392537814,Cenozoico,Marino,Formación Camaná,0.916755378246307,0.0151479503464667
655450,324636.667524285,-782370.314373798,Cenozoico,Marino,Depósito marino,0.978977680206299,0.0153093614081219
660333,346645.244068186,-796367.062560409,Cenozoico,Marino,Depósito marino,0.975486695766449,0.0140958860853807
661730,356649.142497232,-800366.133470869,Cenozoico,Marino,Depósito marino,0.98848420381546,0.0158455134816259
673577,386660.837784371,-834358.236209782,Sin dato,Sin dato,"Complejo Basal de la Costa - Mollendo - gneis, granulita",0.969536602497101,0.00648368866756201
676362,388661.61747018,-842356.378030702,Cenozoico,Continental,Depósito aluvial,0.944400072097778,0.00609833020796827
679843,390662.397155989,-852354.055306853,Cenozoico,Marino,Depósito marino,0.989636480808258,0.017179719114712
