datasetKey,count
20ab8294-5253-46ca-bdb2-eab1b5e75657,1187
f5783452-6ff5-4bef-8f30-9adfeba81bd7,996
854bc2fc-f762-11e1-a439-00145eb45e9a,605
5f0d32a4-6902-481b-9694-6393ad40b973,484
5e848873-567f-42dd-8a29-88056b9b33a4,343
e6033178-5da4-411d-91cf-457683f28b3d,300
ec3805da-46a8-433b-bebc-20fed11f9e1e,158
4bfac3ea-8763-4f4b-a71a-76a6f5f243d3,61
2fba9985-ac30-46cb-99bf-91ccde0d8d2f,26
f3e6a7ab-4c07-47e1-9267-4cbee0badcb0,19
43fb301d-0354-45bc-94d2-dd50f3142a50,18
989f6285-841c-47a4-991b-3d3396427f02,18
7e380070-f762-11e1-a439-00145eb45e9a,17
71eba376-f762-11e1-a439-00145eb45e9a,10
a307e4d7-1de2-4adc-95d5-a0a8d5f57236,10
9642d0e6-f762-11e1-a439-00145eb45e9a,8
86b50d88-f762-11e1-a439-00145eb45e9a,6
c8681cc2-9d0a-4c5f-b620-5c753abfe2bc,5
1f2cfb6f-c91b-498e-80f3-8eeeec688292,5
58d0f326-2e85-4d0a-a744-571461220f00,3
8674480c-ebdc-42cf-8d42-c3762fe137d8,2
81bdb8e8-f762-11e1-a439-00145eb45e9a,2
dfc2fdae-de38-4383-8aa4-2299fb369596,2
361d98ca-ba9d-4b85-a64f-7db8fb35c6a9,2
e0dbf705-cec4-4dce-a152-fc4ebe14674d,1
71f725b6-f762-11e1-a439-00145eb45e9a,1
